"都道府県名","市区町村名","名称","POIコード","住所","緯度","経度","電話番号","利用可能曜日","利用可能日時特記事項","説明","URL","アクセス方法","駐車場_有無","駐車場情報","料金_要否","料金(詳細)"
"東京都","","東京都立中央図書館","1512a","東京都港区南麻布5-7-13","35.652096","139.726341","03-3442-8451","月火水木金土日","(土･日曜日､祝日は～PM5:30)ただし､特別文庫室はAM10～PM5:30､音声･映像資料室はPM1～PM5:30(土･日曜日､祝日はAM10～PM5:30)　休館日：・第1木曜日（祝休日または他の休館日にあたるときは第2木曜日）","個人貸出はしない。カラーコピー設備あり。視覚障害者等サービス資料（録音・点字など）所蔵あり。障害者等サービス(対面朗読･録音図書作成･資料の宅配など)実施あり。コンパクトディスク所蔵あり。","http://www.library.metro.tokyo.jp/","東京メトロ日比谷線「広尾駅」1番出口下車徒歩8分・東京メトロ南北線・都営地下鉄大江戸線「麻布十番駅」下車徒歩20分","true","利用者用として約20台分の駐車場があります。そのほかに、障害者等のスペースとして、2台分を用意しています。台数に限りがあるため、できるだけ公共交通機関での来館をお願いします。","false",""
"東京都","","東京都立多摩図書館","1512a","東京都国分寺市泉町2-2-26","35.698081","139.469872","042-359-4020","月火水木金土日","(土･日曜日､祝日は～PM5:30)　休館日：・第1木曜日（祝休日または他の休館日にあたるときは第2木曜日）","個人貸出はしない。カラーコピー設備あり。視覚障害者等サービス資料（録音・点字など）所蔵あり。障害者等サービス(対面朗読･録音図書作成･資料の宅配など)実施あり。","http://www.library.metro.tokyo.jp/","JR「西国分寺駅」南口徒歩7分","true","24時間営業の有料駐車場があります。（普通車18台、バイク3台）そのほかに、障害者等のスペースとして、2台分を用意しています。閲覧エリアご利用者には、2時間分のサービス券を総合案内でお渡しします。台数に限りがあるため、できるだけ公共交通機関での来館をお願いします。","false",""
"東京都","","東京都庭園美術館","0802a","東京都港区白金台5-21-9","35.636947","139.719041","03-3443-0201","月火水木金土日","休館日：毎月第2・第4水曜日（祝日の場合は開館、翌日休館）、年末年始","緑あふれる広大な庭園の中でアールデコ様式の建物と美術作品が鑑賞できる美術館","https://www.teien-art-museum.ne.jp/","JR山手線「目黒駅」東口／東急目黒線「目黒駅」正面口より徒歩7分、 都営三田線・東京メトロ南北線「白金台駅」1番出口より徒歩6分","true","有料","true","庭園入園料：一般200円、大学生（専修・各種専門学校含む）160円、中・高校生・65歳以上100円。入館料は企画展内容により異なる。"
"東京都","","東京都江戸東京博物館","0801a","東京都墨田区横網1-4-1","35.696597","139.795734","03-3626-9974","火水木金土日","土曜日は9:30～19:30、入館は閉館の30分前まで。休館日：毎週月曜日（月曜が祝日または振替休日の場合はその翌日）、年末年始","江戸東京の歴史と文化について、豊富な資料や復元模型やパネルなどにより楽しみながら学べる博物館","https://www.edo-tokyo-museum.or.jp/","JR総武線 両国駅西口下車 徒歩3分、都営地下鉄大江戸線 両国駅（江戸東京博物館前） A4出口 徒歩1分、都バス錦27・両28・門33系統、墨田区内循環バス「すみだ百景すみまるくん・すみりんちゃん（南部ルート）」「都営両国駅前（江戸東京博物館前）」下車、徒歩3分","true","有料","true","常設展観覧料（企画展観覧料を含む）：一般600円、大学生・専門学校生480円、高校生・中学生（都外）300円、中学生（都内在住または在学）無料"
"東京都","","江戸東京たてもの園","0801a","東京都小金井市桜町3-7-1","35.715437","139.51254","042-388-3300","火水木金土日","10月から３月までは9:30～16:30。入園は閉園時間の30分前まで。休園日：毎週月曜日（月曜日が祝日または振替休日の場合は、その翌日）、年末年始
","文化的歴史的価値の高い建造物を移築・復元して展示した野外博物館","http://www.tatemonoen.jp/","JR中央線武蔵小金井駅北口から西武バス「小金井公園西口」下車。徒歩5分。「江戸東京たてもの園前」下車。徒歩3分。","true","有料","true","一般400円、65歳以上の方200円、大学生（専修・各種含む）320円、高校生・中学生（都外）200円、中学生（都内在学または在住）・小学生・未就学児童 無料"
"東京都","","東京都写真美術館","0802a","東京都目黒区三田1-13-3","35.641641","139.713289","03-3280-0099","火水木金土日","木・金曜日は20:00まで。入館は閉館時間の30分前まで。休館日：毎週月曜日（月曜日が祝日の場合は開館し、翌平日休館）","わが国初めての写真と映像に関する総合的な専門美術館","http://topmuseum.jp/","JR恵比寿駅東口より徒歩約7分、 東京メトロ日比谷線恵比寿駅より徒歩約10分","false","","true","展覧会・上映により異なる。"
"東京都","","東京都現代美術館","0802a","東京都江東区三好4-1-1","35.679643","139.808112","03-5245-4111","火水木金土日","入館は17:30まで。休館日: 月曜日（祝日の場合は翌日）、年末年始、保守点検時・展示替時","絵画、彫刻、ファッション、建築、デザイン等幅広い現代美術に関する美術館","http://www.mot-art-museum.jp/","東京メトロ半蔵門線「清澄白河駅」B2出口より徒歩9分、都営地下鉄大江戸線「清澄白河駅」Ａ３出口より徒歩13分、東京メトロ東西線「木場駅」3番出口より徒歩15分 、「木場駅前」より都営バス（業10）「業平橋駅前」行き「東京都現代美術館前」下車、東京メトロ東西線「木場駅」3番出口より徒歩15分 、「木場駅前」より都営バス（業10）「業平橋駅前」行き「東京都現代美術館前」下車、「木場駅前」より都営バス（東20）「錦糸町駅前」行き「東京都現代美術館前」下車、都営地下鉄新宿線「菊川駅」Ａ4出口より徒歩15分、「菊川駅前」より都営バス（業10）「新橋」行き「東京都現代美術館前」下車、「菊川駅前」より都営バス（東20）「東京駅丸の内北口」行き「東京都現代美術館前」下車、東京駅丸の内北口2番乗り場から都営バス（東20）「錦糸町駅前」行き「東京都現代美術館前」下車","false","","true","常設展観覧料：一般500円、学生400円、高校生・65歳以上250円、中学生以下無料"
"東京都","","東京都美術館","0802a","東京都台東区上野公園8-36","35.717521","139.773155","03-3823-6921","月火水木金土日","特別展開催中の金曜日：9:30～20:00。いずれも入館は閉館時間の30分前まで。【全館休館日】第1、第3月曜日（祝日・振替休日の場合は翌日）＊特別展・企画展：月曜日休室（祝日・振替休日の場合は翌日）","「アートへの入口」となることを目指し、美術団体の公募展及び国内外の名品を楽しめる特別展を行う美術館","http://www.tobikan.jp/","JR上野駅「公園口」より徒歩7分東京メトロ銀座線・日比谷線上野駅「7番出口」より徒歩10分、京成線京成上野駅より徒歩10分、京成線京成上野駅より徒歩10分","false","","true","※入館は無料です。観覧料は展覧会ごとに異なります。"
"東京都","","東京文化会館","1012a","東京都台東区上野公園5-45","35.714415","139.775299","03-3828-2111","月火水木金土日","開館時間は公演により異なる。","昭和３６年の開設以来、音響のすばらしさを内外の演奏家に絶賛される日本を代表する音楽・舞台芸術の拠点","http://www.t-bunka.jp/","JR上野駅 公園口改札から徒歩約１分、東京メトロ上野駅7番出口から徒歩約5分 京成上野駅、正面口 改札から徒歩約7分、高速道路から首都高速都心環状線「上野」ランプ出口 ","false","","true","公演ごとに異なる。"
"東京都","","東京芸術劇場","1012a","東京都豊島区西池袋1-8-1","35.729842","139.708075","03-5391-2111","月火水木金土日","利用可能曜日・時間は施設・公演により異なる。","世界最大級のパイプオルガンを備えた大ホールの他、特色ある3つのホールを持つ劇場","http://www.geigeki.jp/","JR・東京メトロ・東武東上線・西武池袋線 池袋駅西口より徒歩2分。駅地下通路2b出口と直結しています。","true","有料","true","公演ごとに異なる。"
"東京都","","トーキョーアーツアンドスペース本郷","0802a","東京都文京区本郷2-4-16","35.702991","139.759239","03-5689-5331","火水木金土日","入館は閉館30分前まで。休館日：月曜日（祝日の場合は翌平日））、展示替期間、年末年始 ","国内外の若手芸術家の育成を目的とし、作品の展示、芸術家同士及び作家と都民との交流、新進若手アーティストが滞在・交流するレジデンス事業を行う施設。","http://www.tokyoartsandspace.jp/","御茶ノ水駅（JR中央線･総武線：御茶ノ水橋口/東京メトロ丸の内線：1番出口） 、水道橋駅（都営地下鉄三田線：A1出口/JR総武線：東口）、本郷三丁目駅 (都営地下鉄大江戸線：3番出口/東京メトロ丸の内線：1番出口)各駅より徒歩7分","false","","true","展覧会・公演ごとに異なる。"
"東京都","","トーキョーアーツアンドスペースレジデンシー","0802a","墨田区立川2-14-7","35.69209","139.802025","03-5625-4433","","オープン・スタジオ、レクチャー等開催時のみ一般開館","国内外の若手芸術家の育成を目的とし、作品の展示、芸術家同士及び作家と都民との交流、新進若手アーティストが滞在・交流するレジデンス事業を行う施設。","http://www.tokyoartsandspace.jp/","菊川駅（都営地下鉄新宿線）A1出口より徒歩9分、森下駅（都営地下鉄新宿線・大江戸線）A5出口より徒歩11分、両国駅（JR総武線：東口/都営地下鉄大江戸線：A5出口）より徒歩15分","false","","true","展覧会・公演ごとに異なる。"
"東京都","","お台場海浜公園","1003a","東京都港区台場一丁目４番地","35.630845","139.776087","03-5531-0852","月火水木金土日","","第三台場（砲台跡）に隣接し、静かな入江を囲んでいる公園です。砂浜遊び、ウィンドサーフィンなどが楽しめ、港を行きかう船やレインボーブリッジ越しに見える対岸の街並み、そして沈みゆく太陽の美しさは格別です。","http://www.tptc.co.jp/park/01_02","新交通ゆりかもめ「お台場佳品公園」または「台場」下車徒歩４分／りんかい線「東京テレポート」下車徒歩７分／海上バス日の出桟橋（JR浜松町駅徒歩８分）から「お台場海浜公園」下船（所要時間約0分）／都バス都営地下鉄・東京メトロ「門前仲町駅」から海01継投で「お台場海浜公園駅」または「台場駅」下車徒歩４分","true","有料","false","一部有料施設あり"
"東京都","","シンボルプロムナード公園","1003a","東京都港区台場一丁目・二丁目、江東区青海一丁目・二丁目、有明二丁目・三丁目","35.623908","139.77443","03-5531-0852","月火水木金土日","","青海、有明、台場の各地区を結んで、臨海副都心内のさまざまな施設をつないでいる遊歩道の公園です。夕暮れ時はエリアごとのライトアップがロマンチックにともります。","http://www.tptc.co.jp/park_01_04","新交通ゆりかもめ「お台場海浜公園」～「有明」の各駅下車／りんかい線「東京テレポート」「国際展示場」下車／海上バス日の出桟橋（JR浜松町駅徒歩８分）から「パレットタウン」「東京ビッグサイト」下船","true","有料","false",""
"東京都","","東八潮緑道公園","1003a","東京都品川区東八潮","35.619315","139.771579","03-5500-2455","月火水木金土日","","潮風公園と青海北ふ頭公園を結ぶ公園です。夜景がきれいです。","http://www.tptc.co.jp/park/01_05","新交通ゆりかもめ「船の科学館駅」下車徒歩3分","false","","false",""
"東京都","","青海北ふ頭公園","1003a","東京都江東区青海二丁目","35.618915","139.773785","03-5500-2455","月火水木金土日","","青海南ふ頭公園と東八潮緑道公園を結ぶ公園です。青海客船ターミナルに隣接しています。","http://www.tptc.co.jp/park/01_06","新交通ゆりかもめ「船の科学館駅」下車徒歩3分","false","","false",""
"東京都","","青海南ふ頭公園","1003a","東京都江東区青海二丁目","35.615663","139.776117","03-5500-2455","月火水木金土日","","陸側・海側で特徴が異なる公園。陸側は日本庭園風、航路沿いの海側はコンテナバースとすぐ隣り合わせになっています。","http://www.tptc.co.jp/park/01_09","新交通ゆりかもめ「テレコムセンター駅」下車徒歩4分","false","","false",""
"東京都","","暁ふ頭公園","1003a","東京都江東区青海三丁目、四丁目","35.623766","139.769915","03-5500-2455","月火水木金土日","","海にのぞむ広場でバーベキューが楽しめます。","http://www.tptc.co.jp/park/01_10","新交通ゆりかもめ「テレコムセンター駅」下車徒歩20分","true","無料","false",""
"東京都","","青海緑道公園","1003a","東京都江東区青海四丁目","35.621368","139.77979","03-5500-2455","月火水木金土日","","付近で働く人々の憩いの場です。","http://www.tptc.co.jp/park/01_08","新交通ゆりかもめ「テレコムセンター駅」下車徒歩5分","false","","false",""
"東京都","","青海中央ふ頭公園","1003a","東京都江東区青海四丁目","35.620754","139.780239","03-5500-2455","月火水木金土日","","緑に囲まれた野球広場があります。申し込み等不要、先着順でご利用ください。","http://www.tptc.co.jp/park/01_07","新交通ゆりかもめ「テレコムセンター駅」下車徒歩6分","false","","false",""
"東京都","","水の広場公園","1003a","東京都江東区青海一丁目、青海二丁目、有明三丁目","35.625052","139.782704","03-5500-2455","月火水木金土日","","３つのエリアに分かれ、海風を感じながら会場バスを眺めることができます。","http://www.tptc.co.jp/park/02_04","新交通ゆりかもめ「青海駅」下車徒歩1分、「国際展示場正門駅」下車徒歩1分","false","","false",""
"東京都","","有明西ふ頭公園","1003a","東京都江東区有明三丁目","35.627139","139.794619","03-5500-2455","月火水木金土日","","東京ビッグサイトや海上バスターミナルの隣の公園です。接続する多目的ふ頭には、帆船などが停泊することもあります。","http://www.tptc.co.jp/park/02_05","新交通ゆりかもめ「国際展示場正門駅前」下車徒歩5分","false","","false",""
"東京都","","有明北緑道公園","1003a","東京都江東区有明一丁目、二丁目","35.629272","139.790771","03-5500-2455","月火水木金土日","","運河の水面を眺めながら釣りを楽しめます。","http://www.tptc.co.jp/park/02_06","新交通ゆりかもめ「お台場海浜公園駅」下車徒歩9分","false","","false",""
"東京都","","有明テニスの森公園","1003a","東京都江東区有明二丁目","35.635649","139.787027","03-3529-3301","月火水木金土日","","改修工事に伴い休館中。ただし、平成30年9月まで屋外コートの一部を継続運営。（オリンピック・パラリンピック準備局の所管です。）","http://www.tptc.co.jp/park/02_03","新交通ゆりかもめ「有明駅」下車徒歩5分または「有明テニスの森公園」下車徒歩6分、りんかい線「国際展示場駅」下車徒歩4分","false","","false",""
"東京都","","春海橋公園","1003a","東京都江東区豊洲二丁目","35.653477","139.792089","03-5569-8672","月火水木金土日","","新しいまちをつなぐ海辺のテラスから東京港を眺めることができます。","http://www.tptc.co.jp/park/02_02","有楽町線・新交通ゆりかもめ「豊洲駅」下車徒歩3分","false","","false",""
"東京都","","葛西海浜公園","1003a","東京都江戸川区臨海町六丁目地先","35.640708","139.855249","03-5696-4741","月火水木金土日","","葛西臨海公園から渚橋を渡れば、広い砂浜の西なぎさ。潮干狩りのシーズンには多くの人でにぎわいます。また、東なぎさは環境保全のためのゾーンとなっています。","http://www.tokyo-park.or.jp/oark/format/index027.html","JR京葉線「葛西臨海公園駅」下車徒歩11分、都バス東西線「葛西駅」から臨海28甲系統「西葛西駅」から西葛20乙系統「葛西臨海公園駅」下車徒歩12分","false","","false",""
"東京都","","新木場公園","1003a","東京都江東区新木場二丁目","35.642078","139.823485","03-5569-8672","月火水木金土日","","芝生の上でお弁当をひろげ、海を眺めながらピクニック気分が楽しめます。バーベキューの予約に関してはホームページをご覧ください。","http://www.tptc.co.jp/park/03_04","JR京葉線・有楽町線・りんかい線「新木場駅」下車徒歩7分","false","","false",""
"東京都","","辰巳の森緑道公園","1003a","東京都江東区辰巳一丁目・二丁目","35.64575","139.814328","03-5569-8672","月火水木金土日","","芝生広場と緑の並木が広がります。桜の木が続くお花見名所の一つでドラマ等のロケにも使用されています。","http://www.tptc.co.jp/park/03_02","有楽町線「辰巳駅」下車すぐ","false","","false",""
"東京都","","夢の島緑道公園","1003a","東京都江東区夢の島一丁目、二丁目、三丁目","35.647501","139.830315","03-5569-8672","月火水木金土日","","緑豊かな散策路の西側、潮風を感じる海沿いの東側とに分かれています。","http://www.tptc.co.jp/park/03_03","JR京葉線・有楽町線・りんかい線「新木場駅」下車徒歩3分","false","","false",""
"東京都","","新木場緑道公園","1003a","東京都江東区新木場四丁目","35.640426","139.840441","03-5569-8672","月火水木金土日","","隣接するヘリポート、そしてはるか対岸に葛西・浦安が一望できます。","http://www.tptc.co.jp/park/03_05","JR京葉線・有楽町線・りんかい線「新木場駅」下車徒歩15分／都バス東西線「東陽町駅」またはJR京葉線「新木場駅」から木11系統「東京へリポート」下車すぐ","false","","false",""
"東京都","","辰巳の森海浜公園","1003a","東京都江東区辰巳二丁目１番35号","35.648542","139.815785","03-5569-8672","月火水木金土日","","辰巳の森緑道公園と隣接した豊かな緑につつまれた公園で、各種ニュースポーツ施設は、子どもから大人まで手軽に安心してご利用いただけます。","http://www.tptc.co.jp/park/03_01","有楽町線「辰巳駅」（出口2）下車徒歩7分／JR京葉線「新木場駅」下車徒歩17分","true","有料","false","一部有料施設あり"
"東京都","","東京港野鳥公園","1003a","東京都大田区東海三丁目１番","35.583094","139.758329","03-3799-5031","月火水木金土日","","公園全てが野鳥の生息地です。初夏には巣作り・子育て、春・秋には長い渡りの中継地、冬は冬越しと鳥たちが安心して暮らせる場所です。そっと観察してください。また、公園の自然に親しみ、学ぶことができる様々な行事を行っています。東京港野鳥公園は「東アジア・オーストラリア地域フライウェイ・パートナーシップ」に基づく重要生息地ネットワークの参加湿地です。","http://www.wildbirdpark.jp/","モノレール「流通センター」下車徒歩15分／京急バスJR「大森駅」東口または京急「平和島駅」から森24、25、32、36、43、45系統「東京港野鳥公園」または「野鳥公園」下車","true","無料","false","一部有料施設あり"
"東京都","","大井ふ頭中央海浜公園","1003a","東京都品川区八潮四丁目１番19号","35.594776","139.753229","03-3790-2378","月火水木金土日","","各種スポーツ施設の整った公園です。第三種公認陸上競技場では、個人利用ができる日もあります。","http://seaside-park.jp/park_ooisports/","モノレール「大井競馬場前」下車徒歩7分／都バスJR「品川駅」東口から品91系統またはJR「大井町駅」東口から井92系統で「八潮南」下車徒歩5分／京急バスJR「大森駅」東口または京急「大森海岸駅」から森22系統「中央公園」下車徒歩3分","true","有料","false",""
"東京都","","若洲海浜公園","1003a","東京都江東区若洲三丁目１番２号","35.621656","139.834664","03-3522-3225","月火水木金土日","","三方を海に囲まれた公園です。緑の丘の連なりを思わせるゴルフ場があり、海釣り施設や人工磯では釣りも楽しめます。","http://wakasu.golftk.com/","都バスJR京葉線、有楽町線、りんかい線「新木場駅」から木11系統若洲キャンプ場行きに乗りゴルフリンクス、ヨット訓練所へは「若洲ゴルフリンクス」下車、海釣り施設へは「若洲キャンプ場前」下車／首都高湾岸線新木場ランプより東京へリポート方面へ約5分：ゴルフ場・ヨット訓練所、約8分：海釣り施設","true","有料","false","一部有料施設あり"
"東京都","","城南島海浜公園","1003a","東京都大田区城南島四丁目２番２号","35.578304","139.783422","03-3799-6402","月火水木金土日","","キャンプ場・ドッグラン・砂浜にボードウォークと、東京にいながらリゾート気分。東京港に出入りする船や羽田空港に離着陸する飛行機も間近に見られます。","http://seaside-park.jp/park_jonan/","京急バスJR「大森駅」東口、「平和島駅」、東京モノレール「流通センター」前から森32系統（城南島循環）「城南島四丁目」下車徒歩3分","true","有料","false","一部有料施設あり"
"東京都","","品川北ふ頭公園","1003a","東京都港区港南五丁目","35.628471","139.73876","03-3790-2378","月火水木金土日","","野球広場があります。","http://seaside-park.jp/otherpark/","都バスJR「品川駅」東口から品93系統（品川埠頭循環）「港南大橋」下車徒歩2分","false","","false",""
"東京都","","コンテナふ頭公園","1003a","東京都品川区八潮二丁目","35.596416","139.762908","03-3790-2378","月火水木金土日","","","http://seaside-park.jp/otherpark/","都バスJR「品川駅」東口から品98甲・乙系統「３号バース前」下車徒歩3分","false","","false",""
"東京都","","城南島ふ頭公園","1003a","東京都大田区城南島二丁目","35.578915","139.772772","03-3790-2378","月火水木金土日","","芝生の上絵で軽い運動ができます。遊戯施設があります。","http://seaside-park.jp/otherpark/","京急バスJR「大森駅」東口、京急「平和島駅」などから森32系統「建材埠頭」下車","false","","false",""
"東京都","","京浜島ふ頭公園","1003a","東京都大田区京浜島二丁目","35.57175","139.760513","03-3790-2378","月火水木金土日","","京浜大橋を渡ってすぐの芝生が広がる公園です。","http://seaside-park.jp/otherpark/","京急バスJR「大森駅」東口、京急「大森海岸駅」「平和島駅」から森24、36系統「京浜島二番地」下車徒歩2分","false","","false",""
"東京都","","みなとが丘ふ頭公園","1003a","東京都品川区八潮三丁目","35.596471","139.762922","03-3790-2378","月火水木金土日","","名前のとおり港の背後に小高い丘を中心とした公園です。木々に囲まれ散策やピクニックができます。","http://seaside-park.jp/otherpark/","都バスJR「品川駅」東口から品98甲・乙系統「東京税関大井出張所」下車徒歩3分","true","無料","false",""
"東京都","","東海ふ頭公園","1003a","東京都大田区東海二丁目","35.57775","139.756327","03-3790-2378","月火水木金土日","","砂を固めてつくった広場が特徴の公園。対岸に京浜島を望む海に面した傾斜護岸で、水に親しめます。","http://seaside-park.jp/otherpark/","京急バスJR「大森駅」東口、京急「大森海岸駅」「平和島駅」から森24系統（京浜島循環）森32系統（城南島循環）「京浜大橋」下車徒歩3分","true","無料","false",""
"東京都","","京浜島つばさ公園","1003a","東京都大田区京浜島二丁目","35.571013","139.770478","03-3790-2378","月火水木金土日","","羽田空港の向かいにある約1kmの海岸線に面する公園です。離着陸する飛行機を眺めて、旅情に思いをはせてはいかがでしょうか。","http://seaside-park.jp/otherpark/","京急バスJR「大森駅」東口、京急「大森海岸駅」「平和島駅」から森24、36系統「京浜島海上公園」下車すぐ","true","無料","false",""
"東京都","","芝浦南ふ頭公園","1003a","東京都港区海岸三丁目","35.637118","139.759962","03-3452-4151","月火水木金土日","","開園時間8:00～21:00。運動広場があります。","http://seaside-park.jp/otherpark/","新交通ゆりかもめ「芝浦ふ頭駅」下車徒歩8分／都バス田99系統「芝浦埠頭」で社徒歩5分","false","","false",""
"東京都","","京浜運河緑道公園","1003a","東京都品川区八潮一丁目・五丁目","35.596784","139.748901","03-3790-2378","月火水木金土日","","延長約2.5kmの緑道公園です。大井の競馬場や海浜公園の行き帰りに、一駅分お散歩できます。","http://seaside-park.jp/otherpark/","モノレール「大井競馬場前駅」下車徒歩4分／都バスJR「品川駅」東口から、品91系統「品川総合福祉センター」下車など","false","","false",""
"東京都","","大井ふ頭緑道公園","1003a","東京都品川区八潮四丁目・五丁目","35.59655","139.754552","03-3790-2378","月火水木金土日","","自然観察を楽しみながらのんびりと散歩ができます。","http://seaside-park.jp/otherpark/","都バスJR「品川駅」東口から品91系統「八潮東」下車など","false","","false",""
"東京都","","東海緑道公園","1003a","東京都大田区東海一丁目・二丁目・三丁目／四丁目・五丁目・六丁目","35.577185","139.759561","03-3790-2378","月火水木金土日","","みなとが丘、野鳥、中央海浜の各公園をぐるっと結ぶグリーンベルトです。","http://seaside-park.jp/otherpark/","都バスJR「品川駅」東口、京急「青物横丁駅」から品98甲乙系統「セントラルビル」下車徒歩2分／モノレール「流通センター」下車徒歩6分など","false","","false",""
"東京都","","城南島緑道公園","1003a","東京都大田区城南島一丁目・二丁目","35.581768","139.775432","03-3790-2378","月火水木金土日","","城南島海浜公園へと続く緑道公園で緩衝緑地の役割も果しています。","http://seaside-park.jp/otherpark/","京急バスJR「大森駅」東口、京急「平和島駅」から森32系統「建材埠頭」下車徒歩2分","false","","false",""
"東京都","","京浜島緑道公園","1003a","東京都大田区京浜島一丁目","35.568481","139.765208","03-3790-2378","月火水木金土日","","運河の水面をながめながらのんびりと散策できます。","http://seaside-park.jp/otherpark/","京急バスJR「大森駅」東口、京急「大森海岸駅」「平和島駅」から森24系統「京浜島二番地」下車徒歩6分","false","","false",""
"東京都","","明治の森高尾国定公園","1002a","東京都八王子市高尾町","35.631366","139.26758","042-664-7872","月火水木金土日","","八王子市郊外の山麓から高尾山周辺を中心とした国定公園です。明治百年記念事業の一環として、大阪府の箕面公園と共に、都立高尾陣場自然公園の一部が国定公園として指定されました。身近に自然を楽しめる公園として、多くの都民に利用されています。明治の森高尾国定公園は、高尾山を中心とする国定公園で、広さは770ヘクタールです。高尾山は、東京都西部に位置する標高599mの山で、長きに渡って保護されてきたため、東京近郊に位置しながらも豊かな自然が保たれています。また、高尾山周辺の森林は冷温帯と暖温帯の境界にあり、それぞれの気候区の生物が生育できる環境が整っているため、多くの種類の動植物が生息しています。","https://www.ces-net.jp/takaovc/","明治の森高尾国定公園へは、電車または車で行くことができます。明治の森高尾国定公園の最寄駅となる京王線高尾山口駅へは、新宿駅から京王線の準特急直通で約47分です。JRを利用する場合は、高尾駅まで特別快速で約44分、快速で57分で、高尾駅で京王線に乗り換えて3分です。車で行く場合は、中央道八王子インターチェンジから国道16号を相模原方面へ向かいます。その後、国道20号を右折して、大月・甲府方面へ向かいます。駐車は、京王線高尾山口駅周辺の有料駐車場が利用できます。京王線高尾山口駅から自然研究路1号路、6号路、稲荷山コースの登山口、および高尾登山鉄道（ケーブルカー）清滝駅へは徒歩約5分です。休日は大変混雑することがあります。","true","有料","false",""
"東京都","","高尾陣場自然公園","1002a","東京都八王子市高尾町","35.625024","139.243244","042-664-7872","月火水木金土日","","高尾陣場自然公園は昭和25年に指定されましたが、その後、一部が明治の森高尾国定公園に指定されました。このため、都立高尾陣場自然公園と明治の森高尾国定公園は区域が密接しており、共に利用・管理されています。陣馬山から景信山を経て小仏峠に至る都県境の山地帯、八王子城跡がある城山、北条氏照墓がある丘陵部、浅川周辺など、自然の景観と史跡にあふれた公園です。高尾陣場自然公園は、1950年（昭和25年）に指定された4,403ヘクタールの広域な自然公園です。公園の一部が明治の森高尾国定公園に指定されており、区域が密接しているため、両公園は一体で利用および管理されています。陣馬山から景信山を経て、小仏峠に至る都県境の山地帯であり、大部分が森林で豊かな自然環境が保全されています。低山帯ながら起伏に富んだ山々で、浅川の源流の水辺もあり、多種多様な景観を見ることができます。","http://www.kankyo.metro.tokyo.jp/naturepark/know/park/introduction/toritu/takao/index.html","陣馬山への登山口である和田峠へは、電車とバスで行くことができます。JR新宿駅からJR中央線に乗車して、高尾駅で下車します。高尾駅北口から「陣馬高原下」行きの西東京バスに乗車して、終点のバス停「陣馬高原下」で下車します。「陣馬高原下」バス停から首都圏自然歩道の「鳥のみち」や「富士見のみち」の登山口となる和田峠までは、徒歩で約30分です。南側の相模湖方面から明王峠を経由して陣馬山を登る場合は、JR相模湖駅から近い与瀬神社が登山口になります。JR新宿駅からJR中央線に乗車して、相模湖駅で下車します。相模湖駅から陣馬山・明王峠の登山口となる与瀬神社（興瀬神社）までは、徒歩約10分です。","true","有料","false",""
"東京都","","滝山自然公園","1002a","東京都八王子市高月町、丹木町二、三丁目","35.701454","139.330101","042-623-1615","月火水木金土日","","滝山自然公園は、多摩川と秋川の合流点の南側に広がる標高200mの滝山丘陵の大部分を占め、多摩川に接した北側には数十メートルの断崖が切り立っています。断崖や尾根から眺める秋川や多摩川の景観はすばらしく、関東平野を一望できます。都立滝山自然公園の大部分は、多摩川と秋川の合流点の南側に広がる、標高200mの丘陵地帯です。多摩川の北側には数十メートルの断崖が切り立ち、断崖や尾根からは、遠く関東平野を一望することができます。平安時代の修験道文化の名残をとどめることから、奈良の吉野山に見立てられた滝山の丘陵の山々は、住民と行政等の協力によってソメイヨシノ、ヤマザクラなどの桜が植えられ、長い年月を経て都内有数の桜の名所地となりました。4月の桜、ゴールデンウィーク頃のヤマツツジなど、花と緑豊かな自然環境を存分に楽しむことができます。","https://tamaparks.com/takiyama/","都立滝山自然公園へは、電車とバス、または車で行くことができます。電車とバスの場合、JR中央線「八王子」駅または京王線「京王八王子」駅から西東京バス「戸吹」行きに乗車して、「滝山城址下」バス停で下車します。バス停から公園の入り口までは、徒歩約15分です。車の場合、中央自動車道八王子インターチェンジから国道16号を拝島方面に向かい、左入交差点を左折し、国道411号（滝山街道）へ入ります。駐車場は滝山観光駐車場をご利用ください。","true","無料","false",""
"東京都","","多摩丘陵自然公園","1002a","東京都八王子市、町田市、多摩市","35.659984","139.41034","03-3232-3011","月火水木金土日","","「まゆ引の多摩の横山」と万葉集にも詠まれた多摩川南岸の丘陵に展開する自然公園です。北側は多摩川沿いの平地に接しており、高尾、奥多摩、秩父の山間を一望できます。","https://www.tokyo-park.or.jp/tama/","都立多摩丘陵自然公園内にある都立長沼公園へは、京王線新宿駅から約45分の長沼駅を下車して、徒歩約10分です。都立平山城址公園へは、京王線新宿駅から約40分の平山城址公園駅を下車して、徒歩約20分です。","false","","false",""
"東京都","","狭山自然公園","1002a","東京都東大和市、東村山市、武蔵村山市、瑞穂町","35.763198","139.441582","042-393-0154","月火水木金土日","","武蔵野の一角に浮かぶように位置する楕円形の自然公園で、北側は埼玉県との境になっています。箱根ヶ崎から東村山にかけて三条の尾根と二条の渓谷が走り、中央の丘陵には村山、山口の2つの貯水池があり、その周辺は水源林となっています。貯水池の周辺は桜の名所として知られています。東大和市・東村山市・武蔵村山市・西多摩郡瑞穂町に広がり、指定区域は狭山丘陵の多摩湖（村山貯水池）周辺の775ヘクタールに及びます。都立狭山自然公園は、狭山丘陵が浸食されて形成された小さい谷（谷戸）が入り組む地形であることから、里山の景観を残した豊かな自然が色濃く残っています。狭山湖の西側には都立野山北・六道山公園があり、自然公園内の一部は都立狭山公園、都立東大和公園、都立八国山公園として整備されています。桜や紅葉、美しい湖などの景色を眺められることから、景勝地として親しまれています。","http://www.sayamaparks.com/sayamahills/","都立狭山自然公園の東側、都立狭山公園へは、西武多摩湖線西武遊園地駅から徒歩約5分です。車で行く場合は、所沢インターチェンジから約30分です。都立狭山自然公園の西側、野山北・六道山公園へは、JR立川駅から立川バスをはじめ、多摩モノレール上北台駅から武蔵村山市内循環バス、西武拝島線東大和市駅から西武バスなどに乗車して、バス停「横田」「長円寺」「峰」または「岸」で下車後、徒歩約10分です。車で行く場合は、入間インターンチェンジから約30分です。","false","","false",""
"東京都","","羽村草花丘陵自然公園","1002a","東京都あきる野市、福生市、羽村市、青梅市","35.743495","139.311082","","月火水木金土日","","多摩川沿いに帯状に展開する標高200mから300mの丘陵のうち、大澄山や浅間岳などが主体となっています。尾根は円形になっており、下からはこんもりした森のように見え、尾根からは関東平野を一望できます。公園の名称にある「草花」は、植物ではなくあきる野市内の地名に由来しています。公園の中心は、大澄山（だいちょうさん）、浅間岳（せんげんだけ）などがある標高200～300mの丘陵となっていて、雑木林にハイキングコースが続いています。ハイキングコースは、あきる野市・福生市・羽村市の3つの市をまたがり、途中で玉川上水や多摩川一帯を歩きます。尾根は円形になっており、下からこんもりとした森のように見えることが特徴で、尾根から関東平野の美しい景色が見晴らせます。春になると、羽村堰や多摩川、玉川上水で桜が美しく咲き誇ります。","http://www.city.hamura.tokyo.jp/","土木遺産である羽村取水堰へは、徒歩、バス、または車で行くことができます。徒歩で行く場合は、JR羽村駅西口から徒歩約10分です。バスで行く場合は、JR福生駅から「小作駅西口」行きの西東京バスに乗車して、「羽村堰上」バス停で下車します。または、JR小作駅西口から「福生駅」行きの西東京バスに乗車して、「羽村堰上」バス停で下車します。車で行く場合は、首都圏中央連絡自動車道の日の出インターチャンジから約4.5km、または首都圏中央連絡自動車道の青梅インターチェンジから 約6.2kmです。","false","","false",""
"東京都","","秋川丘陵自然公園","1002a","東京都八王子市、あきる野市","35.720824","139.231591","","月火水木金土日","","秋川の右岸の丘陵地帯にあり、東側は滝山自然公園、西側は秩父多摩甲斐国立公園に接しています。300m程度の丘陵が12kmほど連続しています。山は落葉樹林と植林で覆われ、山の間から多くの谷が出て谷戸を形成しています。都立秋川丘陵自然公園は、秋川の右岸の丘陵地帯に位置しています。その東側には都立滝山自然公園が、西側には秩父多摩甲斐国立公園があり、ともに豊かな自然を形成しています。敷地内の地形は、標高300m程度の高低差の丘陵が約12km続きます。木々は、落葉樹林と植林が中心です。山の間には多くの谷があり、谷戸の景色を楽しめます。秋川渓谷をはじめとした複数の渓谷は、四季折々に表情を変える豊かな自然を作り出しています。","http://www.kankyo.metro.tokyo.jp/naturepark/know/park/introduction/toritu/akikawa/characteristic.html","秋川丘陵自然公園内の自然公園施設である都立小峰公園へは、徒歩、バス、または車で行くことができます。徒歩の場合、JR武蔵五日市駅から秋川街道沿い向かい、徒歩17分です。バスの場合、JR武蔵五日市駅から「京王八王子駅（川口経由）」行きのバスに乗車して、「小峰公園」バス停を下車してすぐです。所要時間は約6分で、平日は5～22時（土日祝は20時まで）で1時間に1～3本運行しています。車の場合は、小峰公園のビジターセンターに30台収容できる駐車場があります。","true","無料","false",""
"東京都","","青山公園","1003a","東京都港区六本木七丁目、南青山一丁目","35.668524","139.720671","03-3470-3223","月火水木金土日","※サービスセンター及び各施設は年末年始は休業となります。営業時間等はサービスセンターへお問い合わせ下さい。","旧陸軍の射撃場跡地と引揚者住宅跡地を整備して公園にしたもので、南北２ヵ所に分かれています。","https://www.tokyo-park.or.jp/park/format/index080.html","東京メトロ千代田線「乃木坂」(C05)・東京メトロ日比谷線「六本木」(H04)下車　徒歩5分 東京メトロ銀座線・半蔵門線、都営地下鉄大江戸線「青山一丁目」(G04･E24)下車　徒歩5分","false","","false",""
"東京都","","赤塚公園","1003a","東京都板橋区高島平三丁目、徳丸七・八丁目、四葉二丁目、大門、赤塚四・五・八丁目","35.785076","139.656438","03-3938-5715","月火水木金土日","※サービスセンター及び各施設は年末年始は休業となります。営業時間等はサービスセンターへお問い合わせ下さい。","高島平団地と首都高速5号線に沿って、東西にのびる公園。残された自然林、そこを通る遊歩道、広場と運動施設などと赤塚公園は変化に富んでいます。　この公園は、昭和18年の都市計画で赤塚緑地として造成されることになっていましたが、戦争のため実現しませんでした。その後、47年の土地区画整理事業で東京都が用地を取得し、49年に開園しました。","https://www.tokyo-park.or.jp/park/format/index005.html","地下鉄三田線「高島平」(I25)下車　徒歩10分駐車場（有料）あり　バス・大型車両不可","true","","false","一部有料施設あり"
"東京都","","秋留台公園","1003a","東京都あきる野市二宮・平沢","35.729273","139.300293","042-559-6910","月火水木金土日","※サービスセンター及び各施設は年末年始は休業となります。営業時間等はサービスセンターへお問い合わせ下さい。","秋留台公園は、多摩川の支流、秋川と平井川の間にひろがる秋留台地のほぼ中央に位置し、周辺は武蔵野の面影を残す田園風景となっています。秋川の南には秋 川丘陵・滝山丘陵・平井川の北には羽村草花丘陵自然公園、さらに西方は奥多摩の連山を望むことができる自然環境に恵まれた公園です。現在は、計画面積15haのうち、約11,8haが完成しており、中央広場に設置された樹氷型噴水と全天候型第三種公認競技場がきわだっています。近頃、泣き声に特徴のあるカオグロガビチョウが繁殖しています。 ","https://www.tokyo-park.or.jp/park/format/index053.html","JR五日市線「東秋留」又は「秋川」下車　徒歩15分 ","true","","false","一部有料施設あり"
"東京都","","井の頭恩賜公園","1003a","東京都武蔵野市御殿山一丁目、吉祥寺南町一丁目、三鷹市井の頭三・四・五丁目、下連雀一丁目、牟礼四丁目","35.7007","139.574491","0422-47-6900","月火水木金土日","","大正6年に開園した井の頭恩賜公園は、2017年に開園100周年を迎えました。開園当時は、郊外に位置する公園とされていましたが、現在では、住宅地に隣接する貴重な緑の空間として親しまれています。園内は、井の頭池周辺、雑木林のある御殿山、運動施設のある西園、第二公園と4区域に分かれています。また、井の頭池周辺は低地、御殿山周辺は高台になっており、変化に富んだ景観が楽しめます。","http://www.kensetsu.metro.tokyo.jp/seibuk/inokashira/index.html","JR中央線「吉祥寺」下車　徒歩5分京王井の頭線「井の頭公園」下車　徒歩1分","true","有料。当駐車場は、警察の指導により右折入庫ができません。また、吉祥寺通りは7時?19時まで駐停車禁止となっております。そのため、吉祥寺通りでの入庫待ちもご遠慮いただいております。予めご了承ください。","false","一部有料施設あり"
"東京都","","上野恩賜公園","1003a","東京都台東区上野公園・池之端三丁目","35.715336","139.773982","03-3828-5644","月火水木金土日","","開園140余年となる上野恩賜公園は、日本の都市公園を代表する都立公園です。東京都では、上野恩賜公園グランドデザインに基づく再生整備計画により、上野公園を東京の顔となる文化・観光の拠点として、より魅力ある公園に再生させるための整備を進めています。","http://www.kensetsu.metro.tokyo.jp/jimusho/toubuk/ueno/index_top.html","JR山手線・JR京浜東北線・JR高崎線・JR宇都宮線・東京メトロ銀座線・東京メトロ日比谷線「上野」(G16･H17)下車　徒歩2分 京成本線「京成上野」下車　徒歩1分","true","","false",""
"東京都","","宇喜田公園","1003a","東京都江戸川区北葛西三丁目・宇喜田町","35.674423","139.860592","3636-9365","月火水木金土日","","当公園は、身近なスポーツから自然観察まで多彩なリクリエーション活動が可能な、広々とした花に囲まれた緑豊かな公園として、平成14年4月1日に開園しその後も追加地区を開園して現在の規模の公園になっております。 立地は、江戸川区の南東部に位置しており、動物園や釣り池、日本庭園等の施設をもつ江戸川区立行船公園に隣接しております。また、防災施設も充実しており、災害時には避難場所として防災用仮設トイレ、井戸、かまどベンチなどの施設も備わっている公園です。","http://tokyo-eastpark.com/ukita/","都営新宿線　船堀駅　徒歩１５分 東京メトロ東西線　西葛西駅　徒歩１３分","true","有料。24時間利用可。駐車台数：第一駐車場５８台／第二駐車場８１台。身障者用１台有。（料金）一般車１時間まで 200円、以降30分ごとに 100円。バス1時間まで1,000円、以降30分ごとに 500円","false",""
"東京都","","浮間公園","1003a","東京都板橋区舟渡二丁目、北区浮間二丁目","35.794827","139.692878","03-3969-9168","月火水木金土日","※サービスセンター及び各施設は年末年始は休業となります。営業時間等はサービスセンターへお問い合わせ下さい。","昭和60年に開通したJR埼京線の浮間舟渡駅前の水と緑、それが浮間公園です。この公園は、面積の約40％が浮間ヶ池ですが、池畔には公園のシンボルとして設置された風車が映え、多くの自然や緑に囲まれた運動施設もあり、各種遊び場からは子供達の歓声が聞こえてきます","https://www.tokyo-park.or.jp/park/format/index009.html","JR埼京線｢浮間舟渡｣下車　徒歩1分","true","有料","false","一部有料施設あり"
"東京都","","大泉中央公園","1003a","東京都練馬区大泉学園町九丁目","35.77462","139.597728","03-3867-8096","月火水木金土日","※サービスセンター及び各施設は年末年始は休業となります。営業時間等はサービスセンターへお問い合わせ下さい。","東京都と埼玉県の境に位置する大泉中央公園は、かつて旧陸軍士官学校の敷地の一部でした。戦後米軍が接収しキャンプ朝霞となり、今の開園区域はゴルフ場として使用されることになりました。返還後、計画面積約10haの公園として造成され、平成2年6月にオープンしました。 園内には、水の広場、噴水池、武蔵野の自然林、芝生広場、アスレチック遊具、広い砂場などがあります。また陸上 競技場、野球場のスポーツ設備も備えています。子供から、お年寄りまで安全で快適に楽しめる公園として親しまれています。 ","https://www.tokyo-park.or.jp/park/format/index011.html","東武東上線「成増駅南口」から大泉学園駅北口行きバス「長久保」または「大泉中央公園」下車（所要20分）西武池袋線「大泉学園駅北口」から成増駅南口行きバス「長久保」または「大泉中央公園」下車（所要20分）","true","有料","false","一部有料施設あり"
"東京都","","大神山公園","1003a","（大神山公園・大神山地区）東京都小笠原父島字宮之浜道 、（大神山公園・大村中央地区）東京都小笠原父島字東町 ","142.191557","27.093979","04998-2-7170","月火水木金土日","","大神山公園は東京から太平洋を1,000km南下、洋上に浮かぶ小笠原諸島父島にある都立公園です。魅惑的なブルーの海に臨むこの公園は、丘陵地の大神山地区と、二見港に面した平坦地である大村中央地区に分かれています。","https://www.tokyo-park.or.jp/park/format/index097.html","小笠原海運「おがさわら丸」","true","【大神山公園大村中央地区駐車場】24時間営業。利用料金：無料。駐車台数：9台【大神山地区駐車場】24時間営業。利用料金：無料。駐車台数：約8台","false",""
"東京都","","大島小松川公園","1003a","東京都江東区大島九丁目(江戸川区小松川一丁目）","35.692509","139.846806","03-3636-9365","月火水木金土日","","東京都立大島小松川公園は、防災市街地再開発事業により、設置された公園です。江東デルタ地域の東端に位置し、旧中川を挟んで江東区と江戸川区にまたがり、平常時はレクリエーションの場として利用され、災害時には２０万人の 避難場所となる防災公園です。スポーツ施設を中心としたスポーツ広場、わんさか広場、自由の広場、季節の広場(北側と南側）、風の広場の五つのブロックがあります。 自由の広場に隣接してお子様に人気のアスレチック広場とバーベキュー広場あり、駐車場（有料）も完備しています。","http://tokyo-eastpark.com/ohjima/","都営新宿線　東大島駅　徒歩3分","true","有料。24時間利用可。駐車台数：194台。身障者用：4台有。（料金）一般車：1時間まで200円、以降30分ごとに100円。バス：1時間まで1,000円、以降30分ごとに500円","false",""
"東京都","","大戸緑地","1003a","東京都町田市相原町","35.617521","139.289337","042-661-0042","月火水木金土日","※サービスセンター及び各施設は年末年始は休業となります。営業時間等はサービスセンターへお問い合わせ下さい。","大戸緑地は町田市の西端部、神奈川県との県境を流れる境川の源流域にあります。付近には優しい里山風景が広がり、園内の小高い場所にある「雨乞いの碑」などからも、ここが地域の大切な場所だったことが分かります。ここからは大きく開く都心部までの展望が望めます。城山湖を見下ろす草戸山、「かたらいの路」や「関東ふれあいの道」、「高尾山」へのハイキングコースも人気があります。","https://tamaparks.com/oto/","JR横浜線「相原駅」から神奈川中央交通バス相原・法政大学経由「大戸」行バス約14分「青少年センター入口」下車徒歩5分JR横浜線「橋本」または京王線「橋本」から神奈川中央交通バス相原・法政大学経由大戸行き「大戸」下車　徒歩5分 ","true","","false","一部有料施設あり"
"東京都","","尾久の原公園","1003a","東京都荒川区東尾久七丁目","35.751726","139.77705","03-3819-8838","月火水木金土日","","尾久の原公園は、旧旭電化工業（現：ADEKA)尾久工場跡地に整備された自然を活かした公園です。 園内には、区民の憩いの場として芝生広場、原っぱ、トンボ池や、荒川区の木である桜（枝垂れ桜）が約170本植栽されて、近隣で有名な春の花見スポットとなっています。 夏になるとジャブジャブ池が子供達に大人気で、一日中賑わっています。 秋はトンボや昆虫を追い、冬にはトンボ池に鴨、コサギ、アオサギ等やカワセミ、カワウ、カモメ等の飛来があり、都内でまだ残っている自然を満喫できる公園の一つです。","http://tokyo-eastpark.com/ogunohara/","日暮里・舎人ライナー、都電荒川線「熊野前」下車　徒歩８分 都電荒川線「東尾久三丁目」下車　徒歩10分JR「田端」から都バス（北千住駅前行）、JR・地下鉄千代田線（C18）・日比谷線（H21）・東武伊勢崎線「北千住」から都バス（駒込病院前行）「大門小学校前」下車すぐ京成本線・地下鉄千代田線・都電荒川線「町屋」から荒川区コミュニティバス町屋さくら「尾久の原公園」下車すぐ ","false","","false",""
"東京都","","小山内裏公園","1003a","東京都町田市小山ケ丘二・四丁目、八王子市南大沢四・五丁目、鑓水二丁目","35.606146","139.368198","042-676-8865","月火水木金土日","※サービスセンター及び各施設は年末年始は休業となります。営業時間等はサービスセンターへお問い合わせ下さい。","小山内裏公園は、多摩丘陵の骨格をなす主稜線上に位置し、北側は多摩川の支流大田川の源流部にあたり、現在でも湧水豊かな谷戸地形が良好な姿で保存されて います。また公園の大部分は、多摩丘陵に特徴的な雑木林で覆われており、谷戸部分の湿性草地とともに良好な植生が維持され、多様な動植物が生息していま す。特に生態系上位種に位置する動物の生息や多摩地区では希少な存在となった各種の植物の生育も認められるなど、地域的にみても貴重な自然環境を有してい ます。","https://www.tokyo-park.or.jp/park/format/index064.html","京王相模原線「多摩境」下車徒歩10分「南大沢」から京王バス 南大沢五丁目循環「南大沢学園前」下車徒歩1分 ","true","営業時間9:00～17:00（夜間閉鎖）。 利用料金：無料。バス利用不可。駐車台数：２３台","false","一部有料施設あり"
"東京都","","小山田緑地","1003a","東京都町田市下小山田町・上小山田町","35.596194","139.416319","042-797-8968","月火水木金土日","※サービスセンター及び各施設は年末年始は休業となります。営業時間等はサービスセンターへお問い合わせ下さい。","小山田緑地は町田市の北西部、多摩ニュータウンに近接する緑豊かな丘陵地にあり、計画面積約146haの一部を開園しています。園内には、コナラ・クヌギ・シラカシ等の雑木林のほか、ボール遊びも出来る開放的な草地の広場、トンボ等が生息する水辺があり、散策や、軽スポーツ、自然観察に最適です。 緑地の周囲にも、さながら多摩丘陵の原風景といった趣の田園風景が随所に残り、周囲を結んだ軽ハイキングや遠足などに適しています。 ","https://www.tokyo-park.or.jp/park/format/index063.html","京王相模原線・小田急多摩線・多摩モノレール「多摩センター」から京王バス日大三高行き「扇橋」下車　徒歩12分JR横浜線・小田急線「町田」から神奈川中央交通バス小山田行き「大泉寺」下車　徒歩12分または多摩丘陵病院行き「扇橋」下車　徒歩12分 ","true","営業時間9:00～17:00（夜間閉鎖）.。利用料金：無料。バス専用指定なし。駐車台数：65台 ","false",""
"東京都","","葛西臨海公園","1003a","東京都江戸川区臨海町六丁目","35.642245","139.860296","03-5696-1331","月火水木金土日","常時開園（サービスセンター及び各施設は年末年始は休業）※葛西臨海水族園やダイヤと花の大観覧車などの園内施設は、定休日がございますので、各施設にお問合せ下さい。","この公園は大空のもと紺ぺきの海が広がる東京湾に、緑と水と人のふれあいをテーマに五つのゾーンを配して誕生した公園です。 昭和60年1月から葛西沖開発土地区画整理事業の一環として着手され、平成元年度にその一部約38ヘクタールがオープン。平成6年4月には鳥類園ゾーン、平成7年7月には展望レストハウス「クリスタルビュー」、平成13年春には観覧車がオープンしました。また、葛西海浜公園にも隣接しており、行楽地としての色あいの濃い公園となっています。","https://www.tokyo-park.or.jp/park/format/index026.html","JR京葉線「葛西臨海公園」下車　徒歩1分 東京メトロ東西線「西葛西」(T16)・「葛西」(T17)から　都バス　葛西臨海公園行き　約20分 「お台場海浜公園」から東京水辺ライン(水上バス)約50分(TEL 03-5608-8869東京水辺ライン)車利用　首都高速湾岸線　葛西ＩＣ　下車すぐ","true","24時間営業。利用料金：高額紙幣（一万円札、五千円札、二千円札）はご使用になれません。普通車1時間まで200円、以後30分毎に100円。大型車（車高2.5メートル以上の車両）2時間まで1,500円、以後30分毎に500円（駐車場利用料金免除について） 。バス2時間まで1,500円、以後30分毎に500円。駐車台数181台（うち身障者用18台）。臨時駐車場有。※夜間は、第１駐車場のみのご利用となります。※駐車場で集会等を行なうことはできません。 ","false",""
"東京都","","亀戸中央公園","1003a","東京都江東区亀戸八・九丁目","35.699909","139.838447","03-3636-2558","月火水木金土日","","この公園は、日立製作所の亀戸工場のあったところを整備したもので、A・B・Cの3地区に分かれています。A地区には、中央広場に時計塔や遊具が設置され、子供たちの格好の遊び場になっています。B地区には、人工池、流れがあり周囲は憩いの広場となっています。C地区は、運動広場として整備され、多目的球技広場、テニスコートのほか児童コーナーがあり、ターザンロープ等の遊具は子供たちの人気を集めています。またこの公園は「サザンカの名所」として親しまれています。","http://tokyo-eastpark.com/kameido/","東武亀戸線「亀戸水神」下車　徒歩2分","false","","false",""
"東京都","","砧公園","1003a","東京都世田谷区砧公園・大蔵一丁目","35.630429","139.620212","03-3700-0414","月火水木金土日","※サービスセンター及び各施設は年末年始は休業となります。※営業時間等はサービスセンターへお問い合わせ下さい。","紀元2600年記念事業として都市計画決定された大緑地が前身である砧公園は、戦時中は防空緑地、戦後は都営のゴルフ場として開放されていました。当初の造成テーマは、家族ぐるみで楽しめる公園。この基本計画に沿って、自然の地形を活かし、芝生の広場と樹林で構成されるファミリーパーク区域と運動施設区域とを整備しています。 ","https://www.tokyo-park.or.jp/park/format/index004.html","東急田園都市線「用賀」から徒歩20分　または東急コーチバス（美術館行き）「美術館」下車 小田急線「千歳船橋」から東急バス（田園調布行き）「砧公園緑地入口」下車 小田急線「成城学園前」から東急バス（都立大学駅北口行き）「岡本一丁目」下車 ","true","24時間営業。利用料金：高額紙幣（一万円札、五千円札、二千円札）はご使用になれません。普通車1時間まで300円、以後30分毎に100円。バス2時間まで2,000円、以後30分毎に500円。駐車台数：177台（うち身障者用3台）。臨時駐車場有※土・日・祝日は駐車場の混雑が予想されますので、公共の交通機関をご利用ください。 ","false","一部有料施設あり"
"東京都","","木場公園","1003a","東京都江東区木場四・五丁目・平野四丁目","35.676767","139.807561","03-5245-1770","月火水木金土日","※サービスセンター及び各施設は年末年始は休業となります。※営業時間等はサービスセンターへお問い合わせ下さい。","木場は、江戸から昭和にかけて、江戸・東京へ材木を供給し「材木のまち」として栄えてきました。 昭和44年には、江東再開発構想のなかの防災拠点の一つとして位置づけられ、木材関連業者が現在の新木場へ移転したのを機に、水と緑の森林公園として整備されました。また、昭和52年には、昭和天皇御在位五十年記念公園として国から指定を受けました。公園は、葛西橋通り、仙台堀川によって南、中、北の3地区に分けられており、木場公園大橋が各地区を連絡しています。 ","https://www.tokyo-park.or.jp/park/format/index020.html","東京メトロ東西線「木場」(T13)下車　徒歩5分東京メトロ半蔵門線、都営地下鉄大江戸線「清澄白河」(E14)下車　徒歩15分地下鉄新宿線「菊川」(S12)下車　徒歩15分都バス とうきょうスカイツリー駅・深川車庫（業10）、錦糸町駅（東20）「木場四丁目」又は「東京都現代美術館前」下車 ","true","24時間営業。利用料金：高額紙幣（一万円札、五千円札、二千円札）はご使用になれません。 普通車1時間まで300円、以後30分毎に100円。バス2時間まで2,000円、以後30分毎に500円。駐車台数：97台。臨時駐車場有。","false","一部有料施設あり"
"東京都","","小石川後楽園","1003a","東京都文京区後楽一丁目","35.704864","139.747649","03-3811-3015","月火水木金土日","（入園は午後4時30分まで）休園日：年末・年始(12月29日～翌年1月1日まで)※イベント開催期間及びGWなどで休園日開園や時間延長が行われる場合もあります。","江戸時代初期、寛永6年（1629年）に水戸徳川家の祖である頼房が、江戸の中屋敷（後に上屋敷となる。）の庭として造ったもので、二代藩主の光圀の代に 完成した庭園です。光圀は作庭に際し、明の儒学者である朱舜水の意見をとり入れ、中国の教え「（士はまさに）天下の憂いに先だって憂い、天下の楽しみに後 れて楽しむ」から「後楽園」と名づけられました。 庭園は池を中心にした「回遊式築山泉水庭園」になっており、随所に中国の名所の名前をつけた景観を配し、中国趣味豊かなものになっています。また、当園の特徴として各地の景勝を模した湖・山・川・田園などの景観が巧みに表現されています。この地は小石川台地の先端にあり、神田上水を引入れ築庭されました。また光圀の儒学思想の影響の下に築園されており、明るく開放的な六義園と好対照をなしています。なお、当園は昭和27年3月、文化財保護法によって特別史跡及び特別名勝に指定されています。特別史跡と特別名勝の重複指定を受けているのは、都立庭園では浜離宮恩賜庭園と当園の二つだけです。全国でも京都市の鹿苑寺（金閣寺）、慈照寺（銀閣寺）、醍醐寺三宝院、奈良県の平城京左京三条ニ坊宮跡、広島県の厳島、岩手県の毛越寺庭園、福井県の一乗谷朝倉氏庭園を合わせ９ヶ所だけです。","https://www.tokyo-park.or.jp/teien/contents/index030.html","都営地下鉄大江戸線「飯田橋」(E06)C3出口下車　徒歩3分JR総武線「飯田橋」東口下車　徒歩8分JR総武線「水道橋」西口下車　徒歩8分 東京メトロ東西線・有楽町線・南北線「飯田橋」(T06･Y13･N10)A1出口下車　徒歩8分 東京メトロ丸ノ内線・南北線「後楽園」(M22･N11)中央口下車　徒歩8分","false","","true","入園料
一般　　　 300円
65歳以上　150円
 （小学生以下及び都内在住・在学の中学生は無料）

【20名以上の団体】
 一般　　　 240円
65歳以上　120円
 　
※身体障害者手帳、愛の手帳、精神障害者保健福祉手帳または療育手帳持参の方と付添の方は無料
※無料公開日　みどりの日（５月４日）、都民の日（１０月１日）

【年間パスポート】
一般　　 1,200円
65歳以上　600円

【9庭園共通年間パスポート】
一般　　 　4,000円
65歳以上　2,000円"
"東京都","","小金井公園","1003a","東京都小金井市桜町三丁目、関野町一・二丁目、小平市花小金井南町三丁目、西東京市向台六丁目、武蔵野市桜堤三丁目","35.71706","139.517882","042-385-5611","月火水木金土日","※サービスセンター及び各施設は年末年始は休業となります。※営業時間等はサービスセンターへお問い合わせ下さい。","玉川上水沿いに位置した、面積約80ヘクタール（日比谷公園の4.9倍、上野公園の1.5倍）の広大な公園です。この公園は広々とした草地、それを取り巻く雑木林、桜の園、子どもの広場、弓道場、SL（C57）展示、16面のテニスコートと内容豊かな公園です。この公園の前身は、昭和15年の紀元2600年記念事業で計画された小金井大緑地。戦後、東宮仮御所に使用され、また農地解放により4割を失いましたが、29年に都市公園として開園されました。 ","https://www.tokyo-park.or.jp/park/format/index050.html","［JR中央線利用の場合］①武蔵小金井駅下車（新宿駅から30分）・北口バス乗場2・3番から西武バスに乗り「小金井公園西口」下車・北口バス乗場4番から関東バス三鷹駅行に乗り「江戸東京たてもの園前」 　「小金井公園前」「スポーツセンター入口」下車②東小金井駅下車（新宿駅から25分）・北口バス乗場からCoCoバスに乗り「小金井公園入口」「たてもの園入口」下車 ［西武新宿線利用の場合］ 花小金井駅下車（高田馬場駅から急行で25分）・小金井街道に出て「南花小金井」バス停から西武バス武蔵小金井駅行","true","24時間営業。利用料金：高額紙幣（一万円札、五千円札、 二千円札）はご使用になれません。普通車1時間まで300円、以後30分毎に100円。バス2時間まで2,000円、以後30分毎に500円。駐車台数：454台（うち身障者用2台）。臨時駐車場有。 ","false","一部有料施設あり"
"東京都","","駒沢オリンピック公園","1003a","東京都世田谷区駒沢公園、目黒区東が丘二丁目・八雲五丁目","35.627198","139.661894","03-3421-6431","月火水木金土日","※サービスセンター及び各施設は年末年始は休業となります。※営業時間等はサービスセンターへお問い合わせ下さい。","この公園は、東京オリンピックの第2会場で、レスリングやバレーボールなどの競技が行われたところです。大会終了後に公園として一般に公開され、緑と数々の体育施設が調和した運動公園として親しまれています。","https://www.tokyo-park.or.jp/park/format/index040.html","JR山手線「渋谷」から東急バス（田園調布行き）「駒沢公園東口」下車JR山手線「恵比寿」から東急バス（用賀行き）「駒沢公園」下車 東急田園都市線「駒沢大学駅」下車　徒歩15分","true","24時間営業。利用料金：高額紙幣（一万円札、五千円札、二千円札）はご使用になれません。 普通車1時間まで300円、以後30分毎に100円。バス2時間まで2,000円、以後30分毎に500円。駐車台数：181台","false","一部有料施設あり"
"東京都","","小宮公園","1003a","東京都八王子市大谷町、暁町二丁目","35.673446","139.340673","042-623-1615","月火水木金土日","※サービスセンター及び各施設は年末年始は休業となります。※営業時間等はサービスセンターへお問い合わせ下さい。","八王子市の中心街から真北へ約１.5km。加住丘陵の小高い緑の中に小宮公園はあります。公園の中心部は湧き水の流れる広い谷で、野鳥の声と豊かな植物にあふれており、木道を歩いて散策することができます。公園北には開放感たっぷりの明るい原っぱ、南には子供たちに人気の遊具広場があり、サービスセンターに併設された「雑木林ホール」は自然の情報がいっぱいです。","https://tamaparks.com/komiya/","JR中央線「八王子駅」北口、または京王線「京王八王子駅」から 西東京バス ひよどり山トンネル経由の各バス、バイパス経由宇津木台行き、 八王子郵便局経由中野団地行き いずれも「八王子郵便局前」下車、徒歩10分 ","true","利用料金： 無料。利用時間： 【弁天池駐車場】 9：00～16：30（夜間閉鎖）【サービスセンター前駐車場】 9：00～17：00（夜間閉鎖）。駐車台数： 【弁天池駐車場】10台（うち2台が身障者用） 【サービスセンター前駐車場】20台（うち2台が身障者用） ","false",""
"東京都","","桜ヶ丘公園","1003a","東京都多摩市連光寺三、五丁目","141.349451","42.562611","042-375-1240","月火水木金土日","※サービスセンター及び各施設は年末年始は休業となります。※営業時間等はサービスセンターへお問い合わせ下さい。","多摩丘陵自然公園内にある、丘陵と谷間からなる公園です。丘陵公園だけに、地形は高低差数十mと起伏に富んでいます。園内には雑木林を主体にした自然林があり、自然散策に適しています。なお、公園の中ほどには、旧多摩聖蹟記念館（多摩市管理）があります。","https://www.tokyo-park.or.jp/park/format/index065.html","小田急多摩線「小田急永山駅」、京王相模原線「永山駅」から京王バス聖蹟桜ヶ丘駅行き、または聖ヶ丘団地行きで「桜ヶ丘公園西口」下車1分 京王線「聖蹟桜ヶ丘駅」から京王バス永山駅行き「桜ヶ丘公園西口」下車1分","true","営業時間（Ａ）記念館側8:45～16：30（Ｂ）ゆうひの丘側8:45～20：00（夜間閉鎖）。利用料金：無料。バス利用不可。駐車台数：（Ａ記念館側）55台＋車イス用2台、（Ｂゆうひの丘側）16台＋車イス用1台","false",""
"東京都","","狭山公園","1003a","東京都東村山市多摩湖町3-17-19","35.763187","139.44158","042-393-0154","月火水木金土日","狭山公園パークセンター（管理所）は開館時間 8:30 ?17:30、休館日は年末年始","狭山公園は、都立狭山自然公園の区域内にあり、武蔵野の里山の風景や自然が今も色濃く残っています。都民の水がめである多摩湖（村山貯水池）の堰堤の東側に広がり、雑木林の中に宅部（たっちゃん）池や太陽広場などがあります。園内にはソメイヨシノ、ヤマザクラ、サトザクラ等の桜が植えられており、趣の異なる品種を堪能できます。宅部池周辺のイロハモミジ、ハナミズキは新緑の頃と秋の紅葉の美しさは格別です。","http://www.sayamaparks.com/sayama/","西武多摩湖線 西武遊園地駅から（徒歩 約5min）","true","駐車場：45台。無料。利用時間：9:00?17:00。利用時間を過ぎると門が閉まりますので、あらかじめご了承ください。身障者用駐車場2台。","false",""
"東京都","","狭山・境緑道","1003a","東京都小平市花小金井南町一・二・三丁目、花小金井六丁目、鈴木町二丁目、天神町一・二丁目、大沼町一・三丁目、東村山市萩山町一・二・三丁目、栄町三丁目、廻田町二丁目、美住町一・二丁目、東大和市清水一・二丁目、西東京市向台三・四・五・六丁目、新町四・五丁目 ","35.852839","139.412183","0422-31-6457","月火水木金土日","","多摩湖から境浄水場までの水道管を布設した道路を緑化したのが、狭山・境緑道です。現在は、西東京市から東大和市までの10.5kmにわたって開園しています。 緑道沿いには、サツキ、ヤマブキ、アジサイ、サルスベリなど花の咲く樹木が多く、花の季節には彩りも鮮やかに装います。緑道と並行して自転車・歩行者専用道が通っており、都立小金井公園、狭山公園とあわせて散策やサイクリングを楽しむことができます。 ","http://musashinoparks.com/kouen/sayama/","西武多摩湖線「武蔵大和」・「八坂」・「萩山」下車 西武新宿線「小平」・「花小金井」下車 ","false","","false",""
"東京都","","猿江恩賜公園","1003a","東京都江東区住吉二丁目、毛利二丁目","35.69051","139.819226","03-3631-9732","月火水木金土日","","新大橋通りをはさんで野球場、庭園のある落ち着いた雰囲気の南園とテニスコート、広場、遊具のある開放的な北園に分かれています。 大正１３年に昭和天皇の成婚を記念して、現在の南側地区が明治政府より東京市に下賜され昭和７年に旧猿江恩賜公園として開園し、北側地区は昭和２１年の計画決定から３８年、昭和５８年に全園開園となりました。","http://tokyo-eastpark.com/sarueonshi/","都営地下鉄新宿線(S13)・東京メトロ半蔵門線「住吉」(Z12)下車 Ａ３出口　徒歩2分JR総武線「錦糸町」南口下車徒歩15分","false","","false",""
"東京都","","汐入公園","1003a","東京都荒川区南千住八丁目","35.736607","139.809271","03-3807-5181","月火水木金土日","※サービスセンター及び各施設は年末年始は休業となります。※営業時間等はサービスセンターへお問い合わせ下さい。","汐入公園（平成18年4月開園）は、荒川区の東端、南千住八丁目付近に位置する白鬚西地区市街地再開発事業によって整備された都立公園です。面積は 12.9haで再開発事業地区（面積48.8ha）のほぼ中央及び東側に位置し、隅田川に隣接しています。災害時には、近隣の住民を含め約12万人の避難 広場として広域避難場所の指定を受けており、平常時には広く都民の憩いの場所になるなど、2つの性格を有する都立の総合公園です。当公園は「豊かで多様な水辺と緑に彩られた、活力と潤いのある川辺のひろば公園」を基本テーマとしています。展望広場、ふれあい広場、ピクニック広場や多 目的広場など多様な広場とともに、テニスコート等のスポーツ施設や野外ステージ、噴水、日時計、複合遊具等を設け、のびのびと楽しめる、安全な広場公園と なっています。また、地区に隣接する隅田川は、古くから都民に親しまれてきた東京を代表する河川です。公園と隣接する約１kmの区間については、高いコン クリートでできた防潮堤をスーパー堤防化しました。これにより貴重な水辺空間と一体となった公園整備を行い、眺望の開けた、快適で水にも親しみやすい、緑 豊かな広大な都市空間を生み出しました。","http://www.tokyo-park.or.jp/park/format/index017.html","JR常磐線・東京メトロ日比谷線・つくばエクスプレス「南千住」下車　徒歩12分","true","24時間営業。利用料金：高額紙幣（一万円札、五千円札、二千円札）はご使用になれません。普通車1時間まで200円、以後30分毎に100円。バスご利用できません。駐車台数27台（うち身障者用2台） ","false","一部有料施設あり"
"東京都","","潮風公園","1003a","東京都品川区東八潮1・2番","35.62398","139.768796","03-5500-0385","月火水木金土日","","潮風公園は、臨海副都心内では最大の公園で、海辺の公園ならではの施設を備え、お台場海浜公園と隣接しています。また、レインボーブリッジを背景とした東京湾の美しい景色を眺めや、対岸にはダイナミックで迫力があるガントリークレーンやコンテナ船を見ることができます。","http://www.tptc.co.jp/park/01_03","新交通ゆりかもめ 「台場」徒歩5分 /「船の科学館(※)」徒歩5分※「東京国際クルーズターミナル」(平成31年3月16日～)りんかい線 「東京テレポート」下車徒歩12分","true","潮風公園駐車場北、南があります。 障害者手帳(身体障害者手帳、愛の手帳・療育手帳、精神障害者保健福祉手帳)の交付を受けている方は、利用料金が免除されます。 駐車券をお取りいただいたうえ、出口側精算機備付のインターフォンより係員にお申し出ください。北駐車場(お台場海浜公園寄り) 利用時間：24時間、台数：134台（うち身障者用5台）。南駐車場(船の科学館寄り) ：利用時間：24時間、?台数：84台（うち身障者用5台）（臨時駐車場解放時最大約170台）。料金：北、南共通で?普通車：300円/1時間、以後30分ごとに100円。バス：1,000円/1時間、以後30分ごとに500円。","false",""
"東京都","","篠崎公園","1003a","東京都江戸川区上篠崎一・四・八丁目、篠崎町六・七・八丁目、西篠崎一・二丁目、谷河内二丁目、南篠崎町四丁目、鹿骨町","35.715629","139.899176","03-3670-4080","月火水木金土日","※サービスセンター及び各施設は年末年始は休業となります。※営業時間等はサービスセンターへお問い合わせ下さい。","千葉県との境を流れる江戸川の堤防の西に広がる公園。広場と運動施設を備え、緑地の少ない東部地区にあっては、貴重な存在といえます。 前身は昭和15年の紀元2600年記念事業です。一部に高射砲陣地などが設けられ、その他は農地になりました。戦後、再び公園にすることになり、42年、一部を開園しました。今後、計画に従って、南部区域が造成される予定です。","https://www.tokyo-park.or.jp/park/format/index025.html","【A地区】JR総武線「小岩」から京成バス72系統「浅間神社」下車徒歩4分 都営地下鉄新宿線「篠崎」(S20)から徒歩16分又は京成バス72系統「浅間神社」下車徒歩4分 【B地区】JR総武線「小岩」から京成バス73系統「小岩消防署」下車徒歩1分 都営新宿線「篠崎」下車徒歩15分 駐車場（有料）  ","true","営業時間：24時間。利用料金：高額紙幣（一万円札、五千円札、二千円札）はご使用になれません。普通車1時間まで200円、以後30分毎に100円。4時間以上24時まで800円※24時経過以降は、当該料金を繰り返し加算します。バス2時間まで1,500円、以後30分毎に500円。駐車台数192台（うち身障者用3台） ","false","一部有料施設あり"
"東京都","","芝公園","1003a","東京都港区芝公園一・二・三・四丁目","35.654938","139.747984","03-3431-4359","月火水木金土日","※サービスセンター及び各施設は年末年始は休業となります。※営業時間等はサービスセンターへお問い合わせ下さい。","日本で最も古い公園の一つ。明治6年の太政官布達によって、上野、浅草、深川、飛鳥山と共に芝の5カ所が、日本で最初の公園として指定され、以後の公園造 成のさきがけとなりました。当初は増上寺の境内を含む広い公園でしたが、戦後の政教分離によって境内の部分が除かれ、環状の公園になりました。 園内には、歴史の古い公園らしく、クスノキ、ケヤキ、イチョウなどの大木がところどころにあります。また、現在、スポーツ施設として、野球場とテニスコートがありますが、芝公園は、明治35年に運動器具が備えられ、東京の公園における運動施設の始まりという歴史を持っています。","https://www.tokyo-park.or.jp/park/format/index001.html","JR「浜松町」下車　徒歩12分　 都営地下鉄三田線「芝公園」(I05)下車　徒歩2分、「御成門」(I06)下車　徒歩2分、 都営地下鉄浅草線・大江戸線「大門」(A09･E20)下車　徒歩5分、 都営地下鉄大江戸線「赤羽橋」(E21)下車　徒歩2分 ","false","","false","一部有料施設あり"
"東京都","","石神井公園","1003a","東京都練馬区石神井台一・二丁目、石神井町五丁目","35.738171","139.595976","03-3996-3950","月火水木金土日","※サービスセンター及び各施設は年末年始は休業となります。※営業時間等はサービスセンターへお問い合わせ下さい。","三宝寺池、石神井池の二つの池を中心とした公園で、園内は起伏に富み、武蔵野の自然がよく残されています。木々に囲まれ静寂な趣の三宝寺池と、ボートで賑わう石神井池のほかに、石神井城跡とこれに関する幾つかの遺跡があります。また、公園を含む周辺の区域は、環境や景観を保持するため、風致地区に指定されています。","https://www.tokyo-park.or.jp/park/format/index006.html","西武池袋線「石神井公園」下車　徒歩7分西武新宿線「上井草」より長久保行きバス「三宝寺池」下車、石神井公園行きバス「石神井公園」下車 ","true","営業時間：24時間。利用料金：高額紙幣（一万円札、五千円札、二千円札）はご使用になれません。普通車1時間まで400円、以後30分毎に200円。バス1時間まで1,000円、以後30分毎に500円。駐車台数42台（うち身障者用2台）。臨時駐車場有。","false","一部有料施設あり"
"東京都","","城北中央公園","1003a","東京都板橋区桜川一丁目、小茂根五丁目、練馬区氷川台一丁目、羽沢三丁目","139.677579","35.757429","03-3931-3650","月火水木金土日","※サービスセンター及び各施設は年末年始は休業となります。※営業時間等はサービスセンターへお問い合わせ下さい。","石神井川沿いの起伏に富んだ敷地に、野球場、競技場などの運動施設を備えた、23区北部における最大の運動公園です。ここでは木々の緑の映える中で、存分にスポーツを楽しむことができます。また、児童公園や広場にも樹木が多く、散策も楽しめます。この公園の前身は、昭和17年の防空緑地。それが戦後の都市公園計画に引き継がれ、32年に上板橋緑地として開園しました。45年から現在の名称になっています。","https://www.tokyo-park.or.jp/park/format/index022.html","東武東上線「上板橋」下車　徒歩15分 東京メトロ副都心線「氷川台」(F05)・東京メトロ有楽町線「氷川台」(Y05)下車　徒歩20分","true","営業時間：24時間。利用料金：高額紙幣（一万円札、五千円札、二千円札）はご使用になれません。 普通車1時間まで200円、以後30分毎に100円。駐車台数66台（うち身障者用2台）。臨時駐車場有。","false","一部有料施設あり"
"東京都","","浅間山公園","1003a","東京都府中市浅間町四丁目、若松町五丁目 ","35.680157","139.500427","042-361-6861","月火水木金土日","","多摩の台地が古多摩川や他の河川で削られ、小高い丘として残ったもので、堂山（標高80ｍ）、中山、前山の３つの頂をもっています。すぐ近くに多磨霊園、武蔵野公園、野川公園、府中の森公園、武蔵野の森公園があり、散歩やピクニックに好適です。  浅間山には、浅間神社、水手洗（みたらし）神社、人見四郎の墓跡があり、昔は、近隣農家の農用林としての役割も担っていました。戦時中は、一時陸軍に接収され、火薬庫代わりに使われていましたが、戦後、地元に払い下げられ、昭和45年に公園として開放しました。  現在は貴重な自然景観として、浅間山自然保護会、府中野鳥クラブ等のご協力により、保全されています。 ","http://musashinoparks.com/kouen/sengenyama/","JR中央線「武蔵小金井」から京王バス　東府中行き「浅間山公園」下車すぐ京王線「東府中」から京王バス　武蔵小金井行き「浅間山公園」下車すぐ  ","false","","false",""
"東京都","","善福寺川緑地","1003a","東京都杉並区成田東二・三・四丁目、成田西一・三・四丁目、荻窪一丁目","35.690675","139.632405","03-3313-4247　","月火水木金土日","※サービスセンター及び各施設は年末年始は休業となります。※営業時間等はサービスセンターへお問い合わせ下さい。","善福寺池を源とする善福寺川が、杉並区の中ほどで大きく蛇行する辺りに、川に沿って善福寺川緑地と和田掘公園が広がっています。帯状に続く二つの公園は、全長約4.2k。武蔵野の面影を残す木立と子供の広場が交互に配され、整備された遊歩道でつながっています。春のサクラから秋の紅葉まで、四季の変化を楽しみながらの散策に最適の公園です。","https://www.tokyo-park.or.jp/park/format/index021.html","京王井の頭線「西永福」・「浜田山」下車　徒歩15分、関東バス（JR中野駅-吉祥寺駅） 「善福寺川緑地公園前」「杉並第二小前」「五日市街道営業所」下車、 「すぎ丸」バス（阿佐ヶ谷-浜田山）「児童交通公園入口」下車 ","false","","false",""
"東京都","","善福寺公園","1003a","東京都杉並区善福寺二・三丁目","35.713434","139.591542","03-3396-0825","月火水木金土日","※サービスセンター及び各施設は年末年始は休業となります。※営業時間等はサービスセンターへお問い合わせ下さい。","善福寺池を中心にした公園。池の水は、かつては神田上水の補助水源として利用されたほど澄んでおり、湧水量も多く、武蔵野三大湧水池のひとつとして知られ ていました。池の名称は、昔、この付近にあった寺の名からとったと伝えられています。上の池と下の池に分かれ、両方で約37,000平方メートルあり、公園全 体の47％を占めます。池にはカモ、カイツブリ、バンなどの水鳥やカワセミも来ます。","https://www.tokyo-park.or.jp/park/format/index010.html","JR「荻窪」から関東バス南善福寺行き　「善福寺公園前」下車JR「西荻窪」から関東バス、あるいは西武バス　上石神井駅行き（大泉学園駅行きも有り）「善福寺」下車　徒歩5分西武新宿線「上石神井」から関東バスあるいは西武バス西荻窪駅行き　「善福寺」下車　徒歩5分","false","","false",""
"東京都","","祖師谷公園","1003a","東京都世田谷区上祖師谷三、四丁目・祖師谷六丁目・成城九丁目","35.656911","139.599357","03-5384-1693","月火水木金土日","※サービスセンター及び各施設は年末年始は休業となります。※営業時間等はサービスセンターへお問い合わせ下さい。","仙川左岸には、児童公園、運動広場などがあり、右岸のなだらかな傾斜地には原っぱと緑のエリアがひろがっています。 今後も造成が続く新しい公園です。この公園は、昭和18年8月に「祖師ケ谷緑地」として計画されましたが、その後「祖師ケ谷公園」として都市計画決定された計画面積53.33haの公園です。計画区域内にあった旧教育大学農場跡地を中心に、当面10ｈａの公園として事業化をはかり昭和50年6月1日に開園しました。その後周辺民有地の買収を進めながら、整備の終った部分から順次追加開園しています。 ","https://www.tokyo-park.or.jp/park/format/index008.html","小田急線「成城学園前」駅から小田急バス　千歳船橋行き又は千歳烏山駅行き「駒大グラウンド前」下車 ","false","","false","一部有料施設あり"
"東京都","","石神井公園","1003a","東京都港区台場一丁目10番1号","139.604122","35.743429","03-5531-0852","月火水木金土日","","お台場海浜公園は、台場公園(第3台場)と一体となって入り江を囲んで砂浜や磯が広がる公園です。四季を問わず楽しいひと時を過ごすことができ、特にお台場海浜公園から見る夕暮れ(サンセット)や夜景はとても優雅で美しく、あらゆる人の心を癒します。砂浜や芝生からのんびり眺めるのもよいですし、展望デッキやスカイウォークから眺めるのもお勧めです。 台場公園は国指定史跡である第3台場を公園として開放したものであり、海岸沿いの高台には、砲台跡、園内中央には、陣屋跡や火薬庫跡、かまど跡があり歴史を感じることができます。この第3台場は隣接する第6台場とともに「品川台場」として、2017年4月に続日本100名城に選定されました。なお、第6台場は植物や野鳥の宝庫になっており、学術的にも貴重な場所として保全のため立入禁止となっています。","http://www.tptc.co.jp/park/01_02","西武池袋線「石神井公園」下車徒歩7分／西武新宿線「上井草」より長久保行きバス「三宝寺池」下車／石神井公園行きバス「石神井公園」下車","true","お台場海浜公園北口駐車場(台場公園寄り,244台)、お台場海浜公園中央駐車場(お台場海浜公園隣接,101台)があります。 利用時間：北口駐車場、公園内中央駐車場共に24時間。料金：北口・公園内中央駐車場共に2時間600円、以後30分ごとに150円加算となります。(北口のみ24時間最大1,500円)。台数：北口駐車場244台、公園内中央駐車場101台。障害者手帳(身体障害者手帳、愛の手帳・療育手帳、精神障害者保健福祉手帳)の交付を受けている方は、利用料金が免除されます。 駐車券をお取りいただいたうえ、出庫時に、駐車券とともにお手持ちの手帳(原本)を出口の詰所内係員にご提示ください。","false",""
"東京都","","滝山公園","1003a","東京都八王子市高月町、丹木町二、三丁目","35.701454","139.330101","042-623-1615","月火水木金土日","※サービスセンター及び各施設は年末年始は休業となります。※営業時間等はサービスセンターへお問い合わせ下さい。","多摩川と秋川の合流付近、丘陵地形を生かした中世の山城があったところで、自然の素晴らしさもさることながら、歴史ファンにもたいへん人気がある公園です。美しい緑の山道を歩きながら「千畳敷」、「信濃屋敷跡」などの遺構を訪ねるのもいいでしょう。春の桜、ヤマツツジなども見事です。公園全体が「都立滝山自然公園」の中にあります。","https://tamaparks.com/takiyama/","JR中央線「八王子」または京王線「京王八王子」から西東京バス（ひよどり山トンネル経由）戸吹行き「滝山城址下」下車　徒歩15分 ","false","","false",""
"東京都","","玉川上水緑道","1003a","東京都福生市、昭島市、立川市、小平市、三鷹市、武蔵野市、杉並区","35.671987","139.664898","0422-31-6457","月火水木金土日","","玉川上水に沿って造られた緑道です。江戸時代に江戸の人口が増えて井戸や小川だけでは飲料水を賄えなくなったため、江戸幕府は多摩川の水を江戸に引くことを計画しました。承応2年（1653年）に玉川庄右衛門、清右衛門の二人の兄弟が完成させたといわれており、以後玉川上水と呼ばれるようになりました。 上水は取水口である多摩川の羽村から四谷大木戸までの43kmに及ぶものですが、この間の落差が小さく勾配が緩やかなため、うまく水を流すのに苦心したと伝えられています。  現在、玉川上水緑道として開園されているのは、杉並区の浅間橋から福生市の平和橋までの約24kmです。しかし、かつての上水の面影を求めて、さらに上流を散策することもできます。 ","http://musashinoparks.com/kouen/tamagawa/","JR中央線「三鷹」 西武国分寺線「鷹の台」  西武拝島線・多摩都市モノレール「玉川上水」 JR青梅線・西武拝島線「拝島」 ","false","","false",""
"東京都","","東京臨海広域防災公園","1003a","東京都江東区有明3丁目8番35号","35.6804","139.769017","03-3529-2180 ","月火水木金土日","【園地】年末年始および臨時休園日があります。【防災体験学習施設】利用時間 9:30～17:00（入場は16:30まで）休館日は月曜日（月曜日が祝日の場合は開館し、翌日休館）※年末年始および臨時休館日があります。 
","東京臨海広域防災公園は、首都直下地震等の大規模な災害発生時に、現地における被災情報のとりまとめや災害応急対策の調整を行う「災害現地対策本部」等が置かれる首都圏広域防災のヘッドクォーター及び広域支援部隊等のベースキャンプ、災害医療の支援基地として、東扇島地区（川崎市）の物流コントロールセンターと一体的に機能する防災拠点施設です。事業にあたっては、平常時の活用も考慮して、都市公園事業により国土交通省と東京都が役割分担を行い、下記のように整備されています。（1）平常時には関係機関が連携して防災に関する情報交換や各種シミュレーション・訓練など、発災時に備えた活動を行う場（2）広く国民がさまざまな体験・学習・訓練を通じて、防災への関心を高め、実際に災害に対応できる知識や知恵、技術、自助・共助の心を習得する場（3）臨海副都心の都市集積・集客性を生かした魅力ある空間国営公園の面積は6.7ha、都立公園の面積は6.5haであり、合計13.2haになります。","http://www.tokyorinkai-koen.jp/","東京臨海高速鉄道りんかい線「国際展示場」駅より徒歩4分ゆりかもめ東京臨海新交通臨海線「有明」駅より徒歩2分","false","団体バスで駐車場をご利用の場合は、事前予約が必要となります。くわしくはこちらをご覧ください。","false",""
"東京都","","舎人公園","1003a","東京都足立区舎人公園、西伊興町ほか","35.797451","139.772165","03-3857-2308","月火水木金土日","※サービスセンター及び各施設は年末年始は休業となります。※営業時間等はサービスセンターへお問い合わせ下さい。","舎人公園は、東京にありながら広がる空と多様な自然が楽しめる、くつろぎの空間です。みどりと水に恵まれた敷地は現在も造成が進み、最終的な計画では、69.5ヘクタールに及ぶ予定です。現在はスポーツ施設、様々な広場、池などが整備された約61.2ヘクタールを開園しています。","https://www.tokyo-park.or.jp/park/format/index024.html","日暮里・舎人ライナー「舎人公園駅」下車 東武スカイツリーライン竹ノ塚駅から東武バス「入谷循環」で「中入谷」下車 東武スカイツリーライン西新井駅から足立コミュニティバス「舎人団地行」で「舎人公園東」「舎人公園」下車","true","【舎人公園第一駐車場】営業時間：24時間。利用料金：高額紙幣（一万円札、五千円札、二千円札）はご使用になれません。普通車1時間まで200円、以後30分毎に100円。7時間以上24時間まで1,400円※24時間経過以降は、当該料金を繰り返し加算します。バス2時間まで1,000円、以後30分毎に500円。7時間以上24時間まで6,000円。※24時間経過以降は、当該料金を繰り返し加算します。※駐車台数に限りがありますので、事前にお問い合わせください。 駐車台数96台（うち身障者用5台） 【舎人公園第二駐車場】営業時間：24時間。利用料金：高額紙幣（一万円札、五千円札、二千円札）はご使用になれません。 普通車1時間まで200円、以後30分毎に100円。7時間以上24時間まで1,400円。※24時間経過以降は、当該料金を繰り返し加算します。駐車台数46台（うち身障者用3台） 。","false","一部有料施設あり"
"東京都","","富山公園","1003a","東京都新宿区戸山一・二・三丁目、新宿区大久保三丁目","35.707707","139.705066","03-3200-1702","月火水木金土日","※サービスセンター及び各施設は年末年始は休業となります。※営業時間等はサービスセンターへお問い合わせ下さい。","山手線内で一番標高の高い箱根山。この箱根山を中心とした箱根山地区と、明治通りを隔てた広場・大久保地区に分かれています。","https://www.tokyo-park.or.jp/park/format/index002.html","JR山手線「新大久保」・東京メトロ東西線「高田馬場」(T03)下車　徒歩10分（大久保地区）、徒歩25分（箱根山地区)東京メトロ東西線「早稲田」(T04)下車　徒歩10分（箱根山地区） 都営地下鉄大江戸線「若松河田」(E03)下車　徒歩15分（箱根山地区） 東京メトロ副都心線 「西早稲田」下車　徒歩6分（大久保地区）","false","","false",""
"東京都","","中川公園","1003a","東京都足立区中川五丁目","35.774755","139.845443","03-3629-8164","月火水木金土日","","都立中川公園は、西側に環七通りが走るA地区と、東側に中川が流れるB地区に分かれています。A地区は中川水再生センターの周囲及び屋上にあり、眺望の開けた空間が見られます。ここにはロープジャングルなどの遊具や学校農園があります。B地区は運動広場、果樹の森などいくつかのゾーンに分かれており、近隣の方々の憩いの場所となっております。","http://tokyo-eastpark.com/nakagawa/","JR常磐線「亀有」下車　徒歩15分","true","有料。24時間利用可。大型車不可。駐車台数：50台。身障者用1台有。料金：一時間まで200円、以降30分ごとに100円","false",""
"東京都","","中藤公園","1003a","東京都武蔵村山市中央4・5 丁目地内","35.759998","139.389301","042-531-2325","月火水木金土日","野山北・六道山公園インフォメーションセンター（管理所)は開館時間 8:30 ?17:30、休館日は年末年始","中藤公園は、狭山丘陵の中央南部に位置しています。西に野山北・六道山公園、東に東大和公園や狭山公園といった都市公園・緑地があり、北側の多摩湖（村山貯水池）を含めた、狭山丘陵の水と緑のネットワークを形成するうえで重要な役割を担っています。 園内は、クヌギ、コナラを中心とした雑木林で、多様な生きものが生育できる自然豊かな環境となっています。開園予定の谷戸には、番太池、赤坂池などのほか、大多羅法師の井戸、吉祥山など歴史・文化資源も有しています。","https://www.sayamaparks.com/nakato/","多摩モノレール「上北台」から市内循環バス(MM シャトル)で市民総合体育館行き「かたくりの湯入口」下車","false","","false",""
"東京都","","長沼公園","1003a","東京都八王子市長沼町・下柚木・堀之内","35.638301","139.368525","042-375-1240","月火水木金土日","野山北・六道山公園インフォメーションセンター（管理所)は開館時間 8:30 ?17:30、休館日は年末年始","この公園は、高低差が100mにも及ぶ丘陵地の北斜面にあります。尾根や丘陵上の広場からは、奥多摩の山々や浅川の流れる八王子市街、中央線や京王線の電車が模型電車のように走っていく光景を見ることができます。 公園全体をおおう深い雑木林は、クヌギやコナラが中心ですが、その中に何本かのコブシの大木があります。春に大きなコブシの木が、枝いっぱいに白い花をつける様は印象的です。京王線長沼駅にでる麓と丘陵の尾根をつなぐのは、沢伝いの園路。沢の景観は変化に富み、ときに広い谷間を作り、あるところは10m以上もの崖になっていて、自然の山道と変わらない雰囲気をかもしだしています。","https://www.tokyo-park.or.jp/park/format/index067.html","京王線「長沼」下車　徒歩5分 ","true","営業時間9：00～16：30。利用料金：無料。バス利用不可。駐車台数10台 ","false",""
"東京都","","野川公園","1003a","東京都調布市野水一・二丁目、小金井市東町一丁目、三鷹市大沢二・三・六丁目","35.68334","139.525446","0422-31-6457 ","月火水木金土日","","豊かな水と緑に恵まれた野趣に富む公園です。野川公園の前身は、国際基督教大学のゴルフ場です。昭和49年からゴルフ場を買収し、その周辺の神代植物公園、武蔵野公園、多磨霊園、調布飛行場、浅間山公園、府中の森公園などの緑地を含め「武蔵野の森構想」のもとに造成を行い、昭和55年6月に開園しました。 この公園は、調布、小金井、三鷹の三市にまたがり、野川と都道246号線（東八道路）とで三つの地区に分かれています。国分寺崖線に接し、豊かな自然が残されている野川の北側、野川と都道にはさまれた起伏のある芝生広場、そして広々とした芝生広場とテニスコート・アスレチックのある南側。 緑にひたり、のびのびした気分を味わうことができます。","http://musashinoparks.com/kouen/nogawa/","西武多摩川線「新小金井」または「多磨」下車　徒歩15分 京王バス（調布－武蔵小金井）「野川公園一之橋」下車 小田急バス（三鷹－武蔵小金井）「野川公園一之橋」下車 小田急バス（三鷹－朝日町・朝日町三丁目・車返団地）「野川公園入口」下車 ","true","駐車場（有料、233台（うち身障者用4台））","false",""
"東京都","","野山北・六道山公園","1003a","東京都武蔵村山市三ツ木4-2","35.765884","139.379757","042-531-2325","月火水木金土日","野山北・六道山公園インフォメーションセンター（管理所)は開館時間 8:30 ?17:30、休館日は年末年始","野山北・六道山公園は、首都圏に残された「緑の島」都立狭山自然公園の西端にあり、雑木林と谷戸（丘陵に切れ込んだ谷間）の組合せによって、豊かな自然が残された都立で最大の都市公園です。カタクリの群生地やホタルの生息地、里山民家や岸たんぼといった、貴重な里山の風景が広がっており、里山の生活や文化を体験できるほか、ハイキングや野鳥観察、森遊びなど様々な楽しみ方ができる公園となっています。","http://www.sayamaparks.com/noyama/","JR中央線 立川駅から（バス・徒歩 約50min）  JR八高線 箱根ヶ崎駅から（バス・徒歩 約30min）  多摩モノレール上北台駅から（バス・徒歩 約35min）  西武拝島線 東大和市駅から（バス・徒歩 約45min）","true","駐車場は無料です。駐車場スペースには限りがありますので、公共の交通機関をご利用ください。赤坂駐車場：34台（身障者用4台）、利用時間 9:00?16:00（3?9月は16:30）。里山民家駐車場：40台（身障者用2台）、利用時間9:00?16:30（3?9月は17:00）。石畑駐車場：23台（うち身障者用1台）。天王山東台駐車場：19台。夕日台駐車場：21台。峰田駐車場：16台。西口駐車場：28台、利用時間9:00?16:00（3?9月は16:30）","false",""
"東京都","","八国山緑地","1003a","東京都東村山市諏訪町2・3丁目、多摩湖町4丁目","35.766772","139.454934","042-393-0154","月火水木金土日","狭山公園パークセンター（管理所）は開館時間 8:30 ?17:30、休館日は年末年始","八国山緑地は、なだらかに広がる狭山丘陵の東端に位置しています。園内全体がコナラ、クヌギ等の雑木林になっており、さまざまな野鳥や昆虫が見られます。また、今なお江戸時代の地形や道筋などが残っており、当時の姿を今に伝えています。 　 八国山緑地の名は、上野、下野、常陸、安房、相模、駿河、信濃、甲斐の八カ国の山々が眺望できたことに由来する、と言われています。このあたりは、鎌倉時代の古戦場といわれ、山頂には、源氏の武将・新田義貞の武蔵野征討を偲ぶ将軍塚が建立されています。","http://www.sayamaparks.com/hachikokuyama/","西武西武園線 西武園駅から（徒歩 約5min）","false","","false",""
"東京都","","東綾瀬公園","1003a","東京都足立区東綾瀬一・二・三丁目、 綾瀬三・五・六丁目、谷中一丁目","35.770235","139.832565","03-3605-0005","月火水木金土日","","綾瀬駅前から点在する広場を遊歩道がつなぎ、Ｕ字型の形になっているのが東綾瀬公園です。かつては水田でしたが、区画整理事業から生み出された土地が都立公園となりました。 公園の全長は約２kmで、園内には、サクラ、ラクウショウ、モミジバフウ、ツツジなど季節感を味わえる樹々が植えられています。 公園西側の散歩道沿いには、花畑川を水源とするかつての農業用水を生かしたせせらぎが流れ、多目的広場などが設置されています。また、公園北側周辺には緑に囲まれた各種の運動施設があります。 地域と連携した防災公園として防災トイレ、カマドベンチ等を有し、充実したスポーツ施設と四季折々の植物で寛ぎのスペースとなっています。 三世代スポーツ公園として野球場、テニスコート、武道館、温水プールなどを備えており、年齢を問わず楽しめる公園です。","http://tokyo-eastpark.com/higashiayase/","東京メトロ千代田線「綾瀬」(C19)下車　徒歩1分（サービスセンターまで18分）","true","有料。24時間利用可。大型車不可。駐車台数107台。身障者用4台有。料金一時間まで300円、以降30分ごとに100円","false",""
"東京都","","東白鬚公園","1003a","東京都墨田区堤通二丁目","35.733687","139.814077","03-3614-4467","月火水木金土日","※サービスセンター及び各施設は年末年始は休業となります。※営業時間等はサービスセンターへお問い合わせ下さい。","墨田区の北端、隅田川に沿うような南北に細長い公園で、緑とレクリエーションの場です。 公園の東側には、13階建の高層住宅が並びます。公園と住宅、そしてリハビリ専門病院等をあわせ、この区域一帯は、江東デルタ地区の防災拠点。もし大地震や火災が起きた時には、公園は避難広場となります。","http://www.tokyo-park.or.jp/park/format/index012.html","東武スカイツリーライン「鐘ヶ淵」下車　徒歩7分","false","","false",""
"東京都","","東伏見公園","1003a","東京都西東京市東伏見一丁目","35.728728","139.557041","0422-31-6457","月火水木金土日","","東伏見公園は西東京市東部に位置する新しい都立公園です。公園の近くには特別緑地保全地区に指定されている東伏見稲荷神社の森や、石神井川が隣接するなど、緑と水に恵まれた立地条件にあります。 現在はのびのびと体を動かせる多目的広場や展望の良い休憩施設、遊具などがご利用いただけます。今後、恵まれた周辺環境を活かした整備を進めていくことでさまざまなレクリエーションが楽しめ、災害時には様々な活動の拠点としての役割を果たす公園となっていきます。","https://musashinoparks.com/kouen/higashifushimi/","西武新宿線「西武柳沢」下車　徒歩10分、「東伏見」下車　徒歩10分JR「吉祥寺」から西武バス　保谷行き、西武池袋線「保谷」から西武バス　吉祥寺行き「千駄山住宅」下車、JR「吉祥寺」「三鷹」から柳沢行き「東伏見稲荷神社」下車　徒歩10分","false","","false",""
"東京都","","東村山中央公園","1003a","東京都東村山市富士見町五丁目・美住町一丁目","35.747927","139.459004","042-392-7322","月火水木金土日","※サービスセンター及び各施設は年末年始は休業となります。※営業時間等はサービスセンターへお問い合わせ下さい。","東村山中央公園は、武蔵野の自然が色濃く残るなか、この緑の保全と再生をめざして整備されました。 公園の東・西地区の樹林を中心として、バードサンクチュアリ、流れ、ゲートボール場、じゃぶじゃぶ池などがあります。また、狭山・境緑道に隣接しており、サイクリングロードのオアシスになっています。","http://www.tokyo-park.or.jp/park/format/index051.html","西武多摩湖線　「八坂」下車　徒歩6分JR中央線「立川」北口から西武バス　久米川行き「合同宿舎前」下車　徒歩6分","true","駐車可能台数が10台程度ですので、なるべく公共機関をご利用ください。 ","false",""
"東京都","","東大和公園","1003a","東京都東大和市湖畔3丁目、高木1丁目、狭山3丁目","35.756214","139.430354","042-393-0154","月火水木金土日","狭山公園パークセンター（管理所）は開館時間 8:30 ?17:30、休館日は年末年始","東大和公園は、多摩湖の南にあり、狭山丘陵では最も美しい雑木林の残る場所です。昭和40年代後半に団地開発が計画された際に、多くの市民が東大和市とともにこの里山の自然を守りたいと東京都に働きかけ、都立最初の丘陵地公園として開園しました。それ以来、市民団体が長年、自然観察や植生の調査を行い、公園管理者と意見交換しながら雑木林の手入れに取り組むなど、多くの人の里山への思いによって守られています。  東大和公園は、雑木林の自然や文化、市民の思いを伝え発展させる野外博物館となっています。園内は「かんじるエリア」、「まなびのエリア」、「はぐくむエリア」の３つに分けられており、それぞれに魅力のある雑木林の姿に出会うことができます。","http://www.sayamaparks.com/higashiyamato/","電車をご利用の場合JR中央線 立川駅から（バス・徒歩 約50min）  西武多摩湖線 武蔵大和駅から（徒歩 約15min）","false","","false",""
"東京都","","東大和南公園","1003a","東京都東大和市桜が丘二・三丁目","35.734226","139.42202","042-562-1498","月火水木金土日","※サービスセンター及び各施設は年末年始は休業となります。※営業時間等はサービスセンターへお問い合わせ下さい。","米軍の大和基地跡地の一部を整備し開園した運動公園です。園内には、東大和市の文化財である旧日立航空機立川工場変電所が残されています。また、１２０種の樹木の新緑と花と実、紅葉を鑑賞できます。","http://www.tokyo-park.or.jp/park/format/index052.html","西武拝島線・多摩モノレール「玉川上水」下車　徒歩5分JR中央線・JR青梅線・JR南武線・JR五日市線「立川」から立川バス 村山団地行き「玉川上水」下車　徒歩8分または西武バス南街行き「南街」下車　徒歩5分 ","true","営業時間：１月・２月・１１月・１２月→８：３０～１７：００、３月・４月・９月・１０月→８：３０～１７：３０、５月・８月→８：３０～１８：３０、６月・７月→８：３０～１９：００。利用料金：無料（夜間閉鎖）。バス駐車不可。駐車台数33台（身障者用2台）","false",""
"東京都","","光が丘公園","1003a","東京都練馬区光が丘二・四丁目、旭町二丁目、板橋区赤塚新町三丁目","35.765204","139.629503","03-3977-7638","月火水木金土日","※サービスセンター及び各施設は年末年始は休業となります。※営業時間等はサービスセンターへお問い合わせ下さい。","公園計画は、昭和15年の紀元2600年記念の大緑地計画までさかのぼります。しかし太平洋戦争が始まり、計画は変更され、陸軍の｢成増飛行場｣が建設されました。 戦後グラントハイツとして米軍の管理下にありましたが、昭和48年に返還が完了し、総面積の約1/3が公園として確保されました。昭和56年から一斉に周辺の整備が開始され、小、中、高校が15校、公団、公社、都営住宅12000戸、都内有数の大団地となりました。","https://www.tokyo-park.or.jp/park/format/index023.html","都営地下鉄大江戸線「光が丘」(E38)下車　徒歩8分、東武東上線「成増」・東京メトロ副都心線「地下鉄成増」(F02)・東京メトロ有楽町線「地下鉄成増」（Y02）下車徒歩15分 東武東上線「成増」（南口）から西武バスにて光が丘駅・練馬高野台駅・南田中車庫ゆき「光が丘公園北」下車","true","営業時間24時間。利用料金：高額紙幣（一万円札、五千円札、二千円札）はご使用になれません。普通車1時間まで300円、以後30分毎に100円。バス1時間まで1,000円、以後30分毎に500円。駐車台数251台（うち身障者用5台）","false",""
"東京都","","日比谷公園","1003a","東京都千代田区日比谷公園","35.674439","139.755388","03-3501-6428","月火水木金土日","※サービスセンター及び各施設は年末年始は休業となります。※営業時間等はサービスセンターへお問い合わせ下さい。","幕末までは松平肥前守などの屋敷地でしたが、明治時代に陸軍練兵場となりました。その後「都市の公園」として計画、設計、造成された、日本初の「洋風近代 式公園」が誕生し、平成25年に開園110年となりました。文化の先駆者として公園設計者の意気込みは、大小の野外音楽堂や公会堂に見ることができます。 これらの施設は現在でも広く利用されています。また花壇には一年中、色鮮やかな四季の花が咲き、ビジネス街に勤める人達のいこいの場になっています。","https://www.tokyo-park.or.jp/park/format/index037.html","東京メトロ丸ノ内線・千代田線「霞ヶ関」、東京メトロ日比谷線・千代田線「日比谷」、都営地下鉄三田線「日比谷」下車　（A10・A14）出口すぐJR「有楽町」下車　徒歩8分","true","利用料金：乗用車1台（8:00～22:00）30分300円、（22:00～翌朝8:00）30分150円。（平日（月～金））当日1日最大2,700円 【タイムズクラブカード割引2,300円】、（休日（土・日・祝））当日1日最大2,700円 【タイムズクラブカード割引2,300円】※ 車高：2.2ｍまで。自動二輪：1台60分100円。バス不可","false","一部有料施設あり"
"東京都","","平山城址公園","1003a","東京都八王子市堀之内","139.380848","35.647956","042-375-1240","月火水木金土日","※サービスセンター及び各施設は年末年始は休業となります。※営業時間等はサービスセンターへお問い合わせ下さい。","平山城址公園は駅から少々ありますが、ちょっとした自然散策に最適の公園です。その昔、源氏方の侍大将・平山季重の見張所があったと伝えられる多摩丘陵の一画であることにちなんで、平山城址公園の名がつけられました。平山季重の墓は近くの宗印寺にあり都の旧跡に指定されています。 京王線平山城址公園から南へ、住宅地を通る坂道を登りつめたところから公園になります。公園は野猿の尾根道の南東斜面に広がるので、日当たりがよく、早 春や晩秋の日だまりを求めての散策に好適です。樹林はクヌギやコナラの雑木林が中心ですが、サクラが散在し、春には色を添えます。園内には高低差が30mほどあり、園路を下っていくと地層から湧き出る水を集めた小さな池があります。再び斜面を登っていくと六国台展望台があります。現 在は、残念ながら眺望が閉ざされていますが、かつてここから見えた山々が印されており、丹沢の山並みから筑波の山まで見わたせたようです。 ","https://www.tokyo-park.or.jp/park/format/index066.html","京王線「平山城址公園」下車　徒歩20分","false","","false",""
"東京都","","府中の森公園","1003a","東京都府中市浅間町一丁目・緑町二丁目・天神町二丁目","35.676369","139.491872","042-364-8021","月火水木金土日","※サービスセンター及び各施設は年末年始は休業となります。※営業時間等はサービスセンターへお問い合わせ下さい。","この公園は、基地跡地利用方針に基づいて、公園用地として整備されました。地域における生活環境の向上と運動施設の必要性や、災害時の避難場所としての機能を考慮して整備されています。 武蔵野の緑に包まれた、森と丘と水辺のあるファミリースポーツ公園として、野球、テニス、サッカー等の運動施設が充実しています。また、子ども用遊具、子ども用水遊び場、傾斜を成した芝生の広場等がコンパクトにまとめられています。 家族連れで、散策、軽いスポーツ等で汗をかき、小高い丘の広場でのびのびお弁当を広げてみてはいかがでしょうか。季節の草木がお待ちしています。","http://www.tokyo-park.or.jp/park/format/index048.html","京王線「東府中」下車　徒歩10分JR中央線「武蔵小金井」から京王バス（一本木経由）府中駅行き「天神町二丁目」下車　","true","営業時間：24時間。利用料金：高額紙幣（一万円札、五千円札、二千円札）はご使用になれません。普通車1時間まで300円、以後30分毎に100円。バス1時間まで1,000円、以後30分毎に500円。※バスのご利用は、事前予約が必要です。駐車台数112台（うち身障者用2台）","false",""
"東京都","","水元公園","1003a","東京都葛飾区水元公園・水元猿町・東金町五、八丁目・埼玉県三郷市高洲三丁目","35.787198","139.869841","03-3607-8321","月火水木金土日","※サービスセンター及び各施設は年末年始は休業となります。※営業時間等はサービスセンターへお問い合わせ下さい。","水元公園は小合溜に沿って造られた、都内で唯一水郷の景観をもった公園です。昭和50年まで、このあたりは都立江戸川水郷自然公園に指定されていました。 小合溜から引いた大小の水路が園内を走り、水郷景観を作りだしています。園内にはポプラ並木やメタセコイアの森、ハンノキなど水辺に強い樹木が生育し、ハ ナショウブ、スイレン、コウホネといった水生植物を多く見ることができます。","https://www.tokyo-park.or.jp/park/format/index041.html","JR常磐線・東京メトロ千代田線「金町」から　京成バス（戸ヶ崎操車場または西水元三丁目行き）「水元公園」下車　徒歩7分 ※3月から11月の土日祝日は、午前9時から午後4時40分まで金町駅発着で公園沿いを走る循環バスが運行されています。 ","true","住所〒125-0034葛飾区水元公園3-1 営業時間24時間営業 利用料金高額紙幣（一万円札、五千円札、二千円札）はご使用になれません。 普通車1時間まで200円以後30分毎に100円（駐車場利用料金免除について） バス2時間まで1,000円 以後30分毎に500円 駐車台数311台（うち身障者用9台） ","false",""
"東京都","","武蔵国分寺公園","1003a","東京都国分寺市泉町二丁目・西元町二丁目","35.69685","139.472757","042-323-8123","月火水木金土日","","一周500ｍの円形芝生広場を中心に、旧鉄道学園時代からのサクラ・ケヤキ・イチョウなどの巨木や滝、池、噴水がバランスよく配置された、水と緑のゆったりした公園です。池のまわりには延長33ｍ・幅3ｍの藤棚やノウゼンカズラの棚があり、開花期には公園を彩ります。 ","http://musashinoparks.com/kouen/musasikoku/","JR中央本線・武蔵野線「西国分寺駅」徒歩7分JR中央本線・西武鉄道多摩湖線及び国分寺線「国分寺駅」徒歩10分JR「国分寺駅」から京王バス（総合医療センター行き）「泉町一丁目」下車","true","有料。22台（うち身障者用2台） ","false",""
"東京都","","武蔵野公園","1003a","東京都小金井市前原町二丁目、東町五丁目、中町一丁目、府中市多磨町二・三丁目","35.687906","139.520496","042-361-6861","月火水木金土日","","野川に沿って残る草原や雑木林を配した、野趣に富んだ公園。東京都の各公園や街路に植える苗木を育てる苗圃をもち、散歩しながら木々の育成の様子を観察することができます。4月中旬には、園路沿いのサトザクラが、見事な花のトンネルをつくります。また、浅間山公園・多磨霊園・野川公園、神代植物公園、深大寺、国立天文台などと一体になって武蔵野の森をつくっています。","http://musashinoparks.com/kouen/musasino/","JR「武蔵小金井」南口から京王バス　調布行き「武蔵野公園」下車すぐ多磨霊園または多磨町行き「多磨町」下車　徒歩3分 京王線「調布」北口から武蔵小金井行き「武蔵野公園」下車すぐ ","true","駐車場（有料、56台（うち身障者用2台）。隣接する府中運転免許試験場駐車場は、免許更新者以外の利用は禁止されています。武蔵野公園来園者は公園駐車場を利用してください。","false",""
"東京都","","武蔵野中央公園","1003a","東京都武蔵野市八幡町二丁目","35.718669","139.55854","0422-54-1884","月火水木金土日","※サービスセンター及び各施設は年末年始は休業となります。※営業時間等はサービスセンターへお問い合わせ下さい。","武蔵野中央公園は、東の井の頭公園、西の小金井公園にはさまれ、両公園のほぼ中央に位置しています。この公園の区域には、戦前、中島飛行機製作所という一大軍需工場がありました。戦後は米軍の住宅用地として使用されていましたが、長い間の住民の要望が実って、公園として生まれ変わりました。この公園の造成にあたっては、既存の「原っぱ」を生かした造園技術が、各所に駆使されています。 大きな「原っぱとスポーツ広場」を中心とした公園で、すがすがしい空気や輝く太陽のもと、四季折々の自然の営みを肌で満喫しながら、各種レクリエーションを楽しんでください。","http://www.tokyo-park.or.jp/park/format/index059.html","JR「三鷹」・「吉祥寺」から柳沢駅行きバス「武蔵野中央公園」下車 ","true","営業時間7:00～20:00（入庫時間）※出庫は24時間できます。 利用料金：高額紙幣（一万円札、五千円札、二千円札）はご使用になれません。普通車1時間まで300円、以後30分毎に100円（駐車場利用料金免除について）。バス利用不可。駐車台数31台（身障者用2台）","false","一部有料施設あり"
"東京都","","武蔵野の森公園","1003a","東京都府中市朝日町三丁目、調布市西町、三鷹市大沢五・六丁目","35.676093","139.522366","042-365-8435","月火水木金土日","※サービスセンター及び各施設は年末年始は休業となります。※営業時間等はサービスセンターへお問い合わせ下さい。","この区域は昭和16年、東京調布飛行場として開設されました。その後、陸軍や米軍の管理を経て、昭和49年に全面返還され、調布基地跡地利用計画としてできた公園です。公園の周囲には武蔵野の森が広がり森の緑を背景として美しい景観が楽しめます。また、各都道府県の石が置かれている「ふるさとの丘」からは調布飛行場が一望でき、澄んだ空気の日には新宿副都心のビルを望めます。 公園の近くには味の素スタジアム、東京外国語大学があり、足を延ばせば野川公園や武蔵野公園の散策を楽しめます。 ","https://www.tokyo-park.or.jp/park/format/index058.html","（北地区）・西武多摩川線「多磨」から徒歩5分・JR中央線「三鷹」南口から　小田急バス　朝日町または車返団地行き「野水一丁目」下車徒歩2分 （南地区）・京王線「西調布」から徒歩15分・JR中央線中央線「武蔵境」南口・京王線「調布」北口から　小田急バス　「大沢コミュニティーセンター」下車徒歩5分 ","true","【武蔵野の森公園第一駐車場】営業時間：24時間。利用料金：高額紙幣（一万円札、五千円札、二千円札）はご使用になれません。普通車1時間まで300円以後30分毎に100円。バス1時間まで1,000円、以後30分毎に500円。駐車台数：92台（うち身障者用2台）。臨時駐車場有。【武蔵野の森公園第二駐車場】営業時間：24時間。利用料金：高額紙幣（一万円札、五千円札、二千円札）はご使用になれません。普通車：1時間まで300円、以後30分毎に100円。バス1時間まで1,000円、以後30分毎に500円。駐車台数：143台（うち身障者用5台）。臨時駐車場有。","false","一部有料施設あり"
"東京都","","明治公園","1003a","東京都渋谷区千駄ヶ谷一丁目","130.416439","33.588397","03-3821-6145　","月火水木金土日","","神宮球場など東京都内のスポーツのメッカ・神宮の森に囲まれた公園です。","http://www.kensetsu.metro.tokyo.jp/jimusho/toubuk/meiji/index_top.html","JR総武線「千駄ヶ谷」下車　徒歩1分 都営地下鉄大江戸線「国立競技場」下車　徒歩1分","false","","false",""
"東京都","","夢の島公園","1003a","東京都江東区夢の島","35.651124","139.82782","03-3522-0281","月火水木金土日","","夢の島公園は、ゴミの埋立処理場の跡地に整備され、運河と水路に囲まれた面積43 ヘクタールの総合公園です。 熱帯植物館や各種スポーツ施設、マリーナに面したバーベキュー広場などを有し、四季折々の花が咲き乱れる都会のオアシスです。 中でも熱帯植物館は小笠原諸島の貴重な固有種を含む珍しい熱帯植物が巨大なドームの中でエキゾチックな景観を創り出しており、ゆっくりと楽しみながら植物や植物と人間の関係について学ぶことができます。 休日には子供から大人まで楽しめる様々なイベントやアトラクションも用意されておりますので、ぜひご家族連れでお出かけください","http://www.yumenoshima.jp/park/","電車：地下鉄有楽町線・JR 京葉線・りんかい線「新木場」駅より 徒歩15分。バス：地下鉄東西線「東陽町」から都バス（『木11』系統：東陽町-新木場、東陽町-若洲海浜公園）「夢の島」下","true","24時間利用可能です。（9時間未満）2時間以内300円、1時間ごとに100円。（9～24時間）1000円。（25～34時間）1000円の他に公園駐車料金の通常料金（9時間未満料金）を加算。（34～48時間）2000円。以下同じ体系により加算。＊バイク1回あたり200円","false",""
"東京都","","横網町公園","1003a","東京都墨田区横網二丁目３番地２５号","35.699188","139.796883","03-3622-1208","月火水木金土日","","都立横網町公園は、震災戦災のメモリアルパークとして歴史的な建造物及び記念碑が数多く保存されています。また、復興記念館には、震災戦災の惨禍を物語る多くの遺品や資料が展示されています。さらにこの公園は、下町の貴重な緑のオアシスとして、毎日多くの人々が訪れており、お年寄りは日本庭園を散策したり、子供たちは遊具広場で元気に遊んでいます。首都直下型地震が危惧され、世界の各地で今なお戦禍による犠牲者が絶えない時代、今一度関東大震災や東京大空襲の惨禍を思い起こし、防災意識と平和への願いを再確認する場として、本公園をお訪ねくだされば幸いです。","http://tokyoireikyoukai.or.jp/","ＪＲ両国駅下車　ＪＲ両国駅下車　西口より徒歩１０分都営地下鉄大江戸線両国駅（江戸東京博物館前）下車　Ａ１出口より徒歩２分","false","","false",""
"東京都","","代々木公園","1003a","東京都渋谷区代々木神園町、神南二丁目","35.671736","139.694945","03-3469-6081","月火水木金土日","※サービスセンター及び各施設は年末年始は休業となります。※営業時間等はサービスセンターへお問い合わせ下さい。","代々木公園は、23区内の都立公園の中で五番目に広く、道路を挟んで森林公園としてのＡ地区と、それとは対象的な陸上競技場、野外ステージなどを備えたＢ地区とに分かれています。かつて陸軍代々木練兵場だったこの場所も、戦後は米軍の宿舎敷地・ワシントンハイツとなり、東京オリンピックの選手村を経て公園となりました。開園当時はまだ若かった木々も、今ではすっかり成長し、隣接する明治神宮の木々と共に緑濃い森を作っています。また平成3年5月には、高さ15m～30mに及ぶ大小3基の噴水や水回廊をもつ水景施設が完成、“水と緑”に恵まれた公園として生まれかわりました。 ","http://www.tokyo-park.or.jp/park/format/index039.html","JR「原宿」下車　徒歩3分東京メトロ千代田線「代々木公園」(C02)下車　徒歩3分東京メトロ千代田線・副都心線「明治神宮前（原宿）」（C03、F15）下車　徒歩3分小田急線「代々木八幡」下車　徒歩6分　 ","true","営業時間：24時間。利用料金：高額紙幣（一万円札、五千円札、二千円札）はご使用になれません。普通車1時間まで400円以後、30分毎に200円。バス1時間まで1,000円、以後30分毎に500円。※事前に駐車場までご連絡ください。 駐車台数：65台（うち身障者用4台）。臨時駐車場有。※2輪車の利用は出来ません。 ","false",""
"東京都","","陵南公園","1003a","東京都八王子市長房町、東浅川町","35.649066","139.289172","042-661-0042","月火水木金土日","※サービスセンター及び各施設は年末年始は休業となります。※営業時間等はサービスセンターへお問い合わせ下さい。","多摩御陵の南、浅川のほとりにある、明るく解放感いっぱいの公園です。2面ある野球場は予約制で、マチュアチームの試合などに利用されています。春の連休と、夏に開放される「ジャブジャブ池」は子供たちに大人気。浅川を渡って南にある分園には児童遊園があります。前回の東京オリンピックで自転車競技場として使われた後、都立公園となりました。","https://tamaparks.com/ryonan/","JR中央線「高尾」下車　徒歩20分 同駅から京王バス　京王八王子行き「御陵前」下車　徒歩5分 ","true","利用料金： 無料。利用時間：8：30～17：00（夜間閉鎖）。※野球場利用者については競技終了時刻まで利用可。駐車台数： 39台（内身障者用2台）※駐車場スペースには限りがありますので、公共の交通機関をご利用ください。 ","false",""
"東京都","","林試の森公園","1003a","東京都目黒区下目黒五丁目、東京都品川区小山台二丁目","35.624931","139.703329","03-3792-3800","月火水木金土日","※サービスセンター及び各施設は年末年始は休業となります。※営業時間等はサービスセンターへお問い合わせ下さい。","ここは明治33年（1900年）6月に当時の農商務省林野整理局が「目黒試験苗圃」としてスタートしたのが始まりで、その後「林業試験場」に名称を変更、林野庁の付属となり昭和53年まで営々として使用されてきました。そして、筑波研究学園都市の建設に伴い、移転した跡地を整備し、「目黒公園」の暫定開放期間を経て、平成元年6月1日に「都立林試の森公園」として生まれ変わり開園しました。この公園は東西に700ｍ、南北に250ｍと細長く、外周の園路をぐるっと一周すると45分程で廻れます。 ","http://www.tokyo-park.or.jp/park/format/index003.html","東急目黒線・都営三田線・東京メトロ南北線「武蔵小山」徒歩10分JR渋谷駅から東急バス（恵比寿経由）五反田行き（72系統）「林試の森入口」下車　徒歩1分 ","false","","false",""
"東京都","","蘆花恒春園","1003a","東京都世田谷区粕谷一丁目","35.661969","139.61091","03-3302-5016","月火水木金土日","※サービスセンター及び恒春園区域は年末年始は休業となります。※開園時間　9:00～16:30（恒春園区域）　徳冨蘆花旧宅および蘆花記念館は16:00まで","「不如帰」「自然と人生」「みみずのたはこと」などの名作で知られる明治・大正期の文豪、徳冨蘆花（健次郎）と愛子夫人が、後半生を過ごした住まいと庭、それに蘆花夫妻の墓地を中心とした旧邸地部分とその周辺を買収してつくられました。 蘆花は明治40年2月まで、東京の青山高樹町に借家住まいをしていましたが、土に親しむ生活を営むため、当時まだ草深かった千歳村粕谷の地に土地と家屋を求め、「恒春園」と称し、昭和2年9月18日に逝去するまでの約20年間、晴耕雨読の生活を送りました。 昭和11年の蘆花没後10周年忌に際し、愛子夫人から当時の家屋、耕地など旧邸地の一切が東京市に寄贈され、市では昭和13年、夫人の意向に沿って、武蔵野の風景を保存し、公園として公開を開始しました。これらの建物は老朽化により昭和58年～60年度にかけて改修を行い、「徳冨蘆花旧宅」として、昭和 61年3月10日東京都の史跡に指定されました。蘆花が晴耕雨読の田園生活を送った恒春園区域内では執筆活動等往時の生活の様子を伺い知ることができます。 花の丘区域では公園友の会、地域の小学生達と協働して育てあげた季節の花が咲き揃います。蘆花が好んで育てた花々も園内に彩りを添えます。 ","http://www.tokyo-park.or.jp/park/format/index007.html","京王線「芦花公園」または「八幡山」下車　徒歩15分京王線「千歳烏山」、小田急線「千歳船橋」間のバス（京王バス）で、「芦花恒春園」下車　徒歩7分 ","true","営業時間：24時間営業。利用料金：高額紙幣（一万円札、五千円札、二千円札）はご使用になれません。普通車1時間まで300円、以後30分毎に100円。駐車台数：42台（うち身障者用3台）。臨時駐車場有","false",""
"東京都","","六仙公園","1003a","東久留米市中央町三丁目","35.750302","139.522698","0422-31-6457","月火水木金土日","","この公園は、東久留米市のほぼ中心に位置し、北多摩地域における緑の拠点として計画されました。 雑木林等の武蔵野の原風景を再現し、東京の名湧水にも選ばれている「南沢緑地」の涵養地となるよう、また、災害時等の避難広場としての防災機能をもった公園として整備する予定です。 ","http://musashinoparks.com/kouen/rokusen/","西武池袋線「東久留米駅」から西武バス「中央図書館」下車　徒歩15分 ","false","","false",""
"東京都","","和田堀公園","1003a","東京都杉並区大宮一・二丁目、成田東一・二丁目、成田西一丁目、堀ノ内一・二丁目、松ノ木一丁目","35.685224","139.64057","03-3313-4247","月火水木金土日","※サービスセンター及び各施設は年末年始は休業となります。※営業時間等はサービスセンターへお問い合わせ下さい。","白山前橋から下流、武蔵野橋までの12の橋にまたがる公園です。和田堀周辺はもともと地盤が低く、善福寺川の氾濫などで自然に池ができるような地形でした。昭和30年代の中頃、河川を改修したときに人工の池を造り、周辺を整備して公園にしました。この和田堀池は、深い緑に囲まれて静かな雰囲気をかもしだしています。池には大小二つの中島があり、都内では数少なくなった珍しい野鳥が棲んでいます。 　川の南側には、大宮八幡宮があり、和田堀公園のアカマツ林と一体となり森をつくっています。 ","http://www.tokyo-park.or.jp/park/format/index095.html","京王井の頭線「西永福」下車　徒歩15分 京王バス、関東バス（京王井の頭線「永福町」駅-松ノ木住宅経由-JR「高円寺」駅または東京メトロ丸の内線「新高円寺」(M03)駅行）「都立和田堀公園」下車 ","true","【和田堀公園第一駐車場】営業時間：24時間。利用料金：高額紙幣（一万円札、五千円札、二千円札）はご使用になれません。普通車1時間まで200円、以後30分毎に100円。駐車台数：15台（うち身障者用2台）。臨時駐車場有。【和田堀公園第二駐車場】営業時間：24時間。利用料金：高額紙幣（一万円札、五千円札、二千円札）はご使用になれません。普通車1時間200円、以後30分毎に100円。駐車台数31台（うち身障者用3台）。 ","false",""
"東京都","","旧岩崎邸庭園","1004a","東京都台東区池之端一丁目","35.70976","139.767205","03-3823-8340","月火水木金土日","（入園は午後4時30分まで）休園日：年末・年始(12月29日～翌年1月1日まで)※イベント開催期間及びGWなどで休園日開園や時間延長が行われる場合もあります。","旧岩崎邸庭園は1896年（明治29年）に岩崎彌太郎の長男で三菱第3代社長の久彌の本邸として造てられました。往時は約1万5,000坪の敷地に、20棟もの建物が並んでいました。現在は3分の1の敷地となり、現存するのは 洋館・撞球室・和館の3棟です。木造2階建・地下室付きの洋館は、鹿鳴館の建築家として有名な英国人ジョサイア・コンドルの設計で近代日本住宅を代表する西洋木造建築です。館内の随所に見事 なジャコビアン様式の装飾が施されていて、同時期に多く建てられた西洋建築にはない繊細なデザインが、往事のままの雰囲気を漂わせています。別棟として建つコンドル設計の撞球室（ビリヤード場）は当時の日本では非常に珍しいスイスの山小屋風の木造建築で、洋館から地下道でつながっていま す。洋館と結合された書院造りの和館は当時の名棟梁大河喜十郎の手によるものと言われています。床の間や襖には、明治を代表する日本画家・橋本雅邦が下絵を描いたと伝えられる障壁画などが残っています。現存する大広間を中心に 巧緻を極めた当時の純和風建築をかいま見ることができます。大名庭園を一部踏襲する広大な庭は、建築様式と同時に和洋併置式とされ、「芝庭」をもつ近代庭園の初期の形を残しています。昭和27年（1952）年に国有財産となりました。戦後GHQに接収され、返還後、最高裁判所司法研修所かどとして使用（～1970年）されました。昭和36年（1961年）に洋館と撞球室が重要文化財に指定。昭和44年（1969年）に和館大広間は洋館東脇にある袖塀とともに、平成11年（1999年）に煉瓦塀を含めた敷地全体と実測図がそれぞれ重要文化財に指定されました。","https://www.tokyo-park.or.jp/teien/contents/index035.html","東京メトロ千代田線「湯島」（C13）下車　徒歩3分 東京メトロ銀座線「上野広小路」（G15）下車　徒歩10分 都営地下鉄大江戸線「上野御徒町」（E09）下車　徒歩10分 ＪＲ山手線・京浜東北線「御徒町」下車　徒歩15分","false","","true","【入園料】一般400円、65歳以上　200円（小学生以下及び都内在住・在学の中学生は無料）【20名以上の団体】一般320円、65歳以上160円※身体障害者手帳、愛の手帳、精神障害者保健福祉手帳または療育手帳持参の方と付添の方は無料※【無料公開日】みどりの日（５月４日）、都民の日（１０月１日）【年間パスポート】一般1,600円、65歳以上800円【9庭園共通年間パスポート】一般4,000円、65歳以上　2,000円"
"東京都","","旧芝離宮恩賜庭園","1004a","東京都港区海岸一丁目","35.655799","139.758046","03-3434-4029","月火水木金土日","（入園は午後4時30分まで）休園日：年末・年始(12月29日～翌年1月1日まで)※イベント開催期間及びGWなどで休園日開園や時間延長が行われる場合もあります。","小石川後楽園と共に、今東京に残る江戸初期の大名庭園の一つです。回遊式泉水庭園の特徴をよくあらわした庭園で、池を中心とした庭園の区画や石の配置は、非常に優れています。 明暦（1655～1658年）の頃に海面を埋め立てた土地を、延宝6年（1678年）に老中・大久保忠朝が４代将軍家綱から拝領しました。 忠朝は屋敷を建てるにあたり、藩地の小田原から庭師を呼び庭園を造ったと言われています。庭園は「楽壽園」と呼ばれていました。庭園は、幾人かの所有者を経たのち、幕末頃は紀州徳川家の芝御屋敷となりました。明治4年には有栖川宮家の所有となり、同8年に宮内省が買上げ、翌9年に芝離宮となりました。離宮は、大正12年の関東大震災の際に建物や樹木に大変な被害を受けました。 翌年の大正13年1月には、皇太子（昭和天皇）のご成婚記念として東京市に下賜され、園地の復旧と整備を施し、同年4月に一般公開しました。また、昭和54年6月には、文化財保護法による国の「名勝」に指定されました。","https://www.tokyo-park.or.jp/teien/contents/index029.html","JR山手線・京浜東北線「浜松町」下車北口　徒歩1分 都営地下鉄大江戸線「大門」(E20)下車　徒歩3分 都営地下鉄浅草線「大門｣(A09)下車　徒歩3分ゆりかもめ「竹芝」下車　徒歩10分","false","","true","【入園料】一般150円、65歳以上70円（小学生以下及び都内在住・在学の中学生は無料）【20名以上の団体】一般120円、65歳以上50円※身体障害者手帳、愛の手帳、精神障害者保健福祉手帳または療育手帳持参の方と付添の方は無料。※【無料公開日】みどりの日（５月４日）、都民の日（１０月１日） 【年間パスポート】 一般600円、65歳以上280円、 【9庭園共通年間パスポート】一般4,000円、65歳以上2,000円"
"東京都","","旧古河庭園","1004a","東京都北区西ヶ原一丁目","35.743102","139.746698","03-3910-0394","月火水木金土日","（入園は午後4時30分まで）※六義園ライトアップ期間中は当園の開園時間に気を付けてお越しください。休園日：年末・年始(12月29日～翌年1月1日まで)※イベント開催期間及びGWなどで休園日開園や時間延長が行われる場合もあります。","武蔵野台地の斜面と低地という地形を活かし、北側の小高い丘には洋館を建て、斜面には洋風庭園、そして低地には日本庭園を配したのが特徴です。この庭園はもと明治の元勲・陸奥宗光の邸宅でしたが、次男が古河家の養子になったのち、古河家の所有となりました。尚、この当時の建物は現存していません。 現在の洋館と洋風庭園の設計者は、英国人ジョサイア・コンドル博士（1852～1920）です。博士は当園以外にも、旧岩崎邸庭園洋館、鹿鳴館、ニコライ堂などを設計し、我が国の建築界に多大な貢献をしました。 日本庭園の作庭者は、京都の庭師・七代目植治こと小川治兵衛（1860～1933）の手によるものであり、彼は当園以外にも、山縣有朋の京都別邸である無鄰菴、平安神宮神苑、円山公園、南禅寺界隈の財界人の別荘庭園などを作庭しました。戦後、国へ所有権が移りましたが、地元の要望などを取り入れて、東京都が国から無償で借り受け、一般公開されました。 数少ない大正初期の庭園の原型を留める貴重な存在で、伝統的な手法と近代的な技術の融和により、和洋の見事な調和を実現している秀逸で代表的な事例となっています。また、現存する近代の庭園の中でも、極めて良好に保存されている数少ない事例として重要であることから、平成18年1月26日に文化財保護法により国の名勝指定を受けました。","https://www.tokyo-park.or.jp/teien/contents/index034.html","JR京浜東北線 上中里駅 下車　徒歩７分 東京メトロ 南北線 西ヶ原駅　(N15)下車　徒歩７分JR山手線 駒込駅 下車　徒歩１２分 都電荒川線「飛鳥山」下車　徒歩18分 北区コミュニティバス（王子・駒込ルート）２０分間隔 　ＪＲ駒込駅より５分・ＪＲ王子駅より２０分　 　「旧古河庭園」下車","false","","true","【入園料】一般150円、65歳以上70円（小学生以下及び都内在住・在学の中学生は無料）※洋館は別途入館料がかかります。詳しくはこちら【20名以上の団体】一般120円、65歳以上50円※身体障害者手帳、愛の手帳、精神障害者保健福祉手帳または療育手帳持参の方と付添の方は無料※【無料入園日】みどりの日（５月４日）、都民の日（１０月１日） 【年間パスポート】一般600円、65歳以上280円【9庭園共通年間パスポート】一般4,000円、65歳以上2,000円【旧古河庭園・六義園共通入園引換券（園結びチケット）】一般400円、65歳以上200円※「園結びチケット」は期限がございません"
"東京都","","清澄庭園","1004a","東京都江東区清澄二・三丁目","35.680676","139.797804","03-3641-5892","月火水木金土日","（入園は午後4時30分まで）※イベント開催期間及びGWなどで時間延長が行われる場合もあります。休園日：年末・年始(12月29日～翌年1月1日まで)","泉水、築山、枯山水を主体にした「回遊式林泉庭園」です。この造園手法は、江戸時代の大名庭園に用いられたものですが、明治時代の造園にも受けつがれ、清澄庭園によって近代的な完成をみたといわれています。この地の一部は江戸の豪商・紀伊國屋文左衛門の屋敷跡と言い伝えられています。享保年間（1716～1736年）には、下総国関宿の藩主・久世大和守の下屋敷となり、その頃にある程度庭園が形づくられたようです。 明治11年、岩崎弥太郎が、荒廃していたこの邸地を買い取り、社員の慰安や貴賓を招待する場所として庭園造成を計画、明治13年に「深川親睦園」として 一応の竣工をみました。弥太郎の亡きあとも造園工事は進められ、隅田川の水を引いた大泉水を造り、周囲には全国から取り寄せた名石を配して、明治の庭園を 代表する「回遊式林泉庭園」が完成しました。 清澄庭園は、関東大震災で大きな被害を受けましたが、この時図らずも災害時の避難場所としての役割を果たし、多数の人命を救いました。岩崎家では、こう した庭園の持つ防災機能を重視し、翌大正13年破損の少なかった東側半分（現庭園部分）を公園用地として東京市に寄付し、市ではこれを整備して昭和7年7 月に公開しました。また、昭和52年には、庭園の西側に隣接する敷地を開放公園として追加開園しました。ここには芝生広場、パーゴラなどがあります。また、サクラの木が20 本ほど植えられ、春のお花見の場となっています。なお、庭園の方は、昭和54年3月31日に東京都の名勝に指定されています。","https://www.tokyo-park.or.jp/teien/contents/index033.html","都営大江戸線・東京メトロ半蔵門線「清澄白河」(E14･Z11)駅下車　徒歩3分","false","","true","【入園料】一般150円、65歳以上70円（小学生以下及び都内在住・在学の中学生は無料）【20名以上の団体】一般120円、65歳以上50円※身体障害者手帳、愛の手帳、精神障害者保健福祉手帳または療育手帳持参の方と付添の方は無料※【無料公開日】みどりの日（５月４日）、都民の日（１０月１日） 【年間パスポート】一般600円、65歳以上280円【9庭園共通年間パスポート】一般4,000円、65歳以上2,000円"
"東京都","","小石川後楽園","1004a","東京都文京区後楽一丁目","35.704864","139.747649","03-3811-3015","月火水木金土日","（入園は午後4時30分まで）休園日：年末・年始(12月29日～翌年1月1日まで)※イベント開催期間及びGWなどで休園日開園や時間延長が行われる場合もあります。","江戸時代初期、寛永6年（1629年）に水戸徳川家の祖である頼房が、江戸の中屋敷（後に上屋敷となる。）の庭として造ったもので、二代藩主の光圀の代に 完成した庭園です。光圀は作庭に際し、明の儒学者である朱舜水の意見をとり入れ、中国の教え「（士はまさに）天下の憂いに先だって憂い、天下の楽しみに後 れて楽しむ」から「後楽園」と名づけられました。 庭園は池を中心にした「回遊式築山泉水庭園」になっており、随所に中国の名所の名前をつけた景観を配し、中国趣味豊かなものになっています。また、当園の特徴として各地の景勝を模した湖・山・川・田園などの景観が巧みに表現されています。この地は小石川台地の先端にあり、神田上水を引入れ築庭されました。また光圀の儒学思想の影響の下に築園されており、明るく開放的な六義園と好対照をなしています。なお、当園は昭和27年3月、文化財保護法によって特別史跡及び特別名勝に指定されています。特別史跡と特別名勝の重複指定を受けているのは、都立庭園では浜離宮恩賜庭園と当園の二つだけです。全国でも京都市の鹿苑寺（金閣寺）、慈照寺（銀閣寺）、醍醐寺三宝院、奈良県の平城京左京三条ニ坊宮跡、広島県の厳島、岩手県の毛越寺庭園、福井県の一乗谷朝倉氏庭園を合わせ９ヶ所だけです。","https://www.tokyo-park.or.jp/teien/contents/index030.html","都営地下鉄大江戸線「飯田橋」(E06)C3出口下車　徒歩3分JR総武線「飯田橋」東口下車　徒歩8分JR総武線「水道橋」西口下車　徒歩8分 東京メトロ東西線・有楽町線・南北線「飯田橋」(T06･Y13･N10)A1出口下車　徒歩8分 東京メトロ丸ノ内線・南北線「後楽園」(M22･N11)中央口下車　徒歩8分","false","","true","【入園料】一般300円、65歳以上150円 （小学生以下及び都内在住・在学の中学生は無料）【20名以上の団体】 一般 240円、65歳以上120円※身体障害者手帳、愛の手帳、精神障害者保健福祉手帳または療育手帳持参の方と付添の方は無料※【無料公開日】みどりの日（５月４日）、都民の日（１０月１日）【年間パスポート】一般 1,200円、65歳以上600円【9庭園共通年間パスポート】一般4,000円、65歳以上2,000円"
"東京都","","殿ヶ谷戸庭園","1004a","東京都国分寺市南町二丁目","35.69872","139.481937","042-324-7991","月火水木金土日","（入園は午後4時30分まで）休園日：年末・年始(12月29日～翌年1月1日まで)※GWなどイベント開催期間中は、開園時間を延長する場合もあります。","武蔵野の自然の地形、すなわち段丘の崖にできた谷を巧みに利用した「回遊式林泉庭園」。崖の上の明るい芝生地と崖下の湧水池、樹林で雰囲気が一変する造園手法がみどころのひとつです。ここは、大正2年～4年に江口定條（後の満鉄副総裁）の別荘として整備され、昭和4年には三菱財閥の岩崎家の別邸となりました。昭和40年代の開発計画に対し本庭園を守る住民運動が発端となり、昭和49年に都が買収し、整備後、有料庭園として開園しました。なお、庭園の名称は、昔この地が国分寺村殿ヶ谷戸という地名であったことに由来します。 殿ヶ谷戸庭園は平成23年9月に国指定の文化財(名勝）となりました。","https://www.tokyo-park.or.jp/teien/contents/index036.html","JR中央線、西武国分寺線・西武多摩湖線「国分寺」下車　徒歩2分","false","","true","【入園料】一般150円、65歳以上70円（小学生以下及び都内在住・在学の中学生は無料）【20名以上の団体】一般120円、65歳以上50円※身体障害者手帳、愛の手帳、精神障害者保健福祉手帳または療育手帳持参の方と付添の方は無料※【無料公開日】みどりの日（５月４日）、都民の日（１０月１日）※起伏の激しい庭園のため、小学生以下のお子様の入園の際は、保護者の方の同伴をお願いしております。【年間パスポート】一般 600円、65歳以上280円【9庭園共通年間パスポート】一般4,000円、65歳以上2,000円"
"東京都","","浜離宮恩賜庭園","1004a","東京都中央区浜離宮庭園","35.659737","139.763493","03-3541-0200","月火水木金土日","（入園は午後4時30分まで）休園日：年末・年始（12月29日～翌年1月1日まで）※イベント開催期間及びゴールデンウィークなどで休園日開園や時間延長が行われる場合もあります。","潮入の池と二つの鴨場をもつ江戸時代の代表的な大名庭園。潮入の池とは、海水を導き潮の満ち干によって池の趣を変えるもので、海辺の庭園で通常用いられていた様式です。 旧芝離宮恩賜庭園、清澄庭園、旧安田庭園なども昔は潮入の池でした。しかし現在、実際に海水が出入りしているのは、ここだけです。この地は、寛永年間（1624～1644年）までは、将軍家の鷹狩場で、一面の芦原でした。ここに初めて屋敷を建てたのは、四代将軍家綱の弟で甲府宰相 の松平綱重。承応3年（1654年）、綱重は将軍から海を埋め立てて甲府浜屋敷と呼ばれる別邸を建てる許しを得ました。その後、綱重の子供の綱豊(家宣) が六代将軍になったのを契機に、この屋敷は将軍家の別邸となり、名称も浜御殿と改められました。 以来、歴代将軍によって幾度かの造園、改修工事が行なわれ、十一代将軍家斉のときにほぼ現在の姿の庭園が完成しました。明治維新ののちは皇室の離宮となり、名前も浜離宮となりました。その後、関東大震災や戦災によって、御茶屋など貴重な建造物が焼失したり樹木が損傷し、往 時の面影はなくなりましたが、昭和20年（1945年）11月3日、東京都に下賜され、整備のうえ昭和21年（1946年）4月有料公開されるに至りました。なお、国の文化財保護法に 基づき、昭和23年（1948年）12月には国の名勝及び史跡に、同27年（1952年）11月には周囲の水面を含め、国の特別名勝及び特別史跡に指定されました。","https://www.tokyo-park.or.jp/teien/contents/index028.html","<大手門口>都営地下鉄大江戸線「築地市場」(E18)「汐留」(E19)・ゆりかもめ「汐留」下車　徒歩7分JR・東京メトロ銀座線・都営地下鉄浅草線「新橋」(G08･A10)下車　徒歩12分　<中の御門口>都営地下鉄大江戸線「汐留」下車10出口　徒歩5分JR「浜松町」下車　徒歩15分<浜離宮（水上バス発着場）>東京水辺ライン（墨田区役所前・浅草寺二天門前・お台場海浜公園）「浜離宮」水上バス発着場下船東京都観光汽船（浅草）「浜離宮」水上バス発着場下船※「浜離宮」水上バス発着場をご利用の場合は、入園料が別途かかりますのでご了承ください。","true","※大手門橋を渡った所に多少の駐車スペースがあります。下記の車両以外ご利用できませんのでご了承ください。１．車椅子・障害者の方のお車（障害者の方は身体障害者手帳をご提示ください。）　２．観光バス一般車両は最寄の公共駐車場をご利用ください。（高速道路の下、海岸通の地下に汐留駐車場があります。）","true","【入園料】一般300円、65歳以上150円（小学生以下及び都内在住・在学の中学生は無料）【20名様以上の団体】一般240円、65歳以上120円※身体障害者手帳、愛の手帳、精神障害者保健福祉手帳または療育手帳持参の方と付添の方は無料※【無料公開日】みどりの日（５月４日）、都民の日（１０月１日）【年間パスポート】一般 1,200円、65歳以上600円 【9庭園共通年間パスポート】一般4,000円、65歳以上2,000円【園結びチケット】一般400円、65歳以上200円（浜離宮恩賜庭園と旧芝離宮恩賜庭園（当園から徒歩約15分）の両方をご入園される方にお得なチケット（有効期限はありません））"
"東京都","","向島百花園","1004a","東京都墨田区東向島三丁目","35.724215","139.815601","03-3611-8705","月火水木金土日","（入園は午後4時30分まで）休園日：年末・年始(12月29日～翌年1月3日まで)※向島百花園は12月29日～1月3日まで休園日とさせていただいておりますが、「隅田川七福神めぐり」の開催期間中は、福禄寿尊堂のエリアのみご利用いただいています。※イベント開催期間及びゴールデンウィークなどで休園日開園や時間延長が行われる場合もあります。","江戸の町人文化が花開いた文化・文政期（1804～1830年）に造られた庭園。庭を造ったのは、それまで骨とう商を営んでいた佐原鞠塢。交遊のあった江 戸の文人墨客の協力を得て、旗本、多賀氏の元屋敷跡である向島の地に、花の咲く草花鑑賞を中心とした「民営の花園」を造り、開園しました。 　 開園当初は、360本のウメが主体で、当時有名だった亀戸の清香庵字臥竜梅の梅屋敷に対して「新梅屋敷」と呼ばれたほどです。その後、ミヤギノハギ、筑 波のススキなど詩経や万葉集などの中国、日本の古典に詠まれている有名な植物を集め、四季を通じて花が咲くようにしました。「百花園」の名称は、一説で は、「梅は百花に魁けて咲く」または「四季百花の乱れ咲く園」という意味でつけられたものです。百花園は当時の一流文化人達の手で造られた、庶民的で、文人趣味豊かな庭として、小石川後楽園や六義園などの大名庭園とは異なった美しさをもっています。 　 民営としての百花園の歴史は昭和13年まで続き、同年10月に最後の所有者の小倉未亡人から東京市に寄付され、翌14年7月に東京市が有料で制限公開を開始しました。なお、昭和53年10月に文化財保護法により国の名勝及び史跡の指定を受けました。","https://www.tokyo-park.or.jp/teien/contents/index032.html","東武スカイツリーライン「東向島」下車　徒歩約8分京成電鉄押上線「京成曳舟」下車　徒歩約13分都営バス　亀戸-日暮里（里22）「百花園前」下車　徒歩約2～3分","false","","true","【入園料】一般150円、65歳以上70円（小学生以下及び都内在住・在学の中学生は無料）【20名以上の団体】一般120円、65歳以上50円　※身体障害者手帳、愛の手帳、精神障害者保健福祉手帳または療育手帳持参の方と付添の方は無料※【無料公開日】みどりの日（５月４日）、都民の日（１０月１日）　【年間パスポート】一般600円、65歳以上280円【9庭園共通年間パスポート】一般4,000円、65歳以上2,000円"
"東京都","","六義園","1004a","東京都文京区本駒込六丁目","35.732759","139.747707","03-3941-2222","月火水木金土日","（入園は午後4時30分まで）休園日：年末・年始(12月29日～翌年1月1日まで)※イベント開催期間及びGWなどで時間延長が行われる場合もあります。","六義園は造園当時から小石川後楽園とともに江戸の二大庭園に数えられておりました。元禄８年(1695年)、五代将軍・徳川綱吉より下屋敷として与えられた駒込の地に、柳澤吉保自ら設計、指揮し、平坦な武蔵野の一隅に池を掘り、山を築き、7年の歳月をかけて「回遊式築山泉水庭園」を造り上げました。 六義園は吉保の文学的造詣の深さを反映した繊細で温和な日本庭園です。 庭園の名称は、中国の古い漢詩集である「毛詩」の「詩の六義」、すなわち風・賦・比・興・雅・頌という分類法を、紀貫之が転用した和歌の「六体」に由来します。庭園は中の島を有する大泉水を樹林が取り囲み、紀州（現在の和歌山県）和歌の浦の景勝や和歌に詠まれた名勝の景観が八十八境として映し出されています。明治時代に入り、岩崎弥太郎氏(三菱創設者)の所有となった当園は、昭和13年に東京市に寄付されて一般公開されることになりました。昭和28年3月31日に国の特別名勝に指定されました。","https://www.tokyo-park.or.jp/teien/contents/index031.html","JR山手線・東京メトロ南北線「駒込」(N14)下車　徒歩7分 都営地下鉄三田線「千石」(I14)下車　徒歩10分","false","","true","【入園料】一般300円、65歳以上150円 （小学生以下及び都内在住・在学の中学生は無料）【20名以上の団体】一般240円、65歳以上120円※身体障害者手帳、愛の手帳、精神障害者保健福祉手帳または療育手帳持参の方と付添の方は無料※【無料公開日】みどりの日（５月４日）、都民の日（１０月１日）【六義園のみ年間パスポート】一般1,200円、65歳以上600円【9庭園共通年間パスポート】一般4,000円、65歳以上2,000円【六義園・旧古河庭園共通入園引換券（園結びチケット）】一般400円、65歳以上　200円※「園結びチケット」は期限がございません"
